Date,Open,High,Low,Close
2016-12-20,505.0,516.6666870117188,466.6666564941406,466.6666564941406
2016-12-21,458.3333435058594,481.3333435058594,441.6666564941406,448.1666564941406
2016-12-22,445.6666564941406,461.6666564941406,433.8333435058594,438.3333435058594
2016-12-26,438.3333435058594,455.6666564941406,429.0,455.6666564941406
2016-12-27,450.0,455.6666564941406,437.5,444.1666564941406
2016-12-28,450.0,493.3333435058594,443.3333435058594,480.0
2016-12-29,471.6666564941406,478.3333435058594,453.3333435058594,464.8333435058594
2016-12-30,473.1666564941406,498.3333435058594,466.3333435058594,475.0
2017-01-04,466.6666564941406,469.1666564941406,458.3333435058594,460.5
2017-01-05,458.0,474.8333435058594,451.1666564941406,462.5
2017-01-06,457.3333435058594,461.8333435058594,451.6666564941406,452.5
2017-01-10,455.3333435058594,460.8333435058594,450.1666564941406,459.6666564941406
2017-01-11,461.6666564941406,495.0,461.0,475.3333435058594
2017-01-12,469.1666564941406,488.0,465.0,471.5
2017-01-13,471.8333435058594,480.0,470.0,475.0
2017-01-16,480.0,499.6666564941406,475.0,493.3333435058594
2017-01-17,500.0,510.0,466.6666564941406,466.6666564941406
2017-01-18,462.0,471.3333435058594,459.3333435058594,465.1666564941406
2017-01-19,465.3333435058594,475.0,463.0,468.0
2017-01-20,473.0,473.5,452.0,467.3333435058594
2017-01-23,467.3333435058594,481.5,465.6666564941406,478.5
2017-01-24,475.0,480.6666564941406,468.6666564941406,477.5
2017-01-25,476.5,493.1666564941406,475.0,493.1666564941406
2017-01-26,496.6666564941406,496.6666564941406,483.3333435058594,487.5
2017-01-27,485.8333435058594,485.8333435058594,479.6666564941406,480.3333435058594
2017-01-30,485.6666564941406,490.8333435058594,480.1666564941406,480.5
2017-01-31,480.6666564941406,483.3333435058594,470.0,478.6666564941406
2017-02-01,478.3333435058594,478.3333435058594,472.5,475.1666564941406
2017-02-02,477.5,480.0,474.3333435058594,476.5
2017-02-03,480.0,489.6666564941406,476.6666564941406,481.8333435058594
2017-02-06,488.3333435058594,491.6666564941406,485.0,490.3333435058594
2017-02-07,491.3333435058594,513.3333129882812,488.3333435058594,495.0
2017-02-08,497.5,508.3333435058594,491.6666564941406,496.1666564941406
2017-02-09,498.5,525.0,496.5,525.0
2017-02-10,535.0,556.6666870117188,508.3333435058594,525.8333129882812
2017-02-13,533.3333129882812,535.0,510.8333435058594,518.3333129882812
2017-02-14,541.6666870117188,552.5,485.0,506.6666564941406
2017-02-15,496.5,498.1666564941406,476.6666564941406,480.1666564941406
2017-02-16,485.0,489.6666564941406,470.5,471.6666564941406
2017-02-17,483.0,486.5,478.3333435058594,486.5
2017-02-20,503.3333435058594,511.6666564941406,495.6666564941406,497.5
2017-02-21,510.0,520.0,501.6666564941406,502.5
2017-02-22,505.0,508.3333435058594,495.1666564941406,504.1666564941406
2017-02-23,506.6666564941406,507.5,499.1666564941406,502.5
2017-02-24,503.3333435058594,504.1666564941406,498.0,503.3333435058594
2017-02-27,507.5,528.3333129882812,499.1666564941406,511.6666564941406
2017-02-28,516.6666870117188,521.6666870117188,503.3333435058594,510.0
2017-03-01,518.3333129882812,591.6666870117188,517.5,587.5
2017-03-02,598.3333129882812,619.1666870117188,569.1666870117188,600.0
2017-03-03,596.6666870117188,624.1666870117188,576.6666870117188,591.6666870117188
2017-03-06,606.6666870117188,616.6666870117188,558.3333129882812,599.1666870117188
2017-03-07,600.0,613.3333129882812,577.5,583.3333129882812
2017-03-08,585.0,586.6666870117188,550.8333129882812,555.0
2017-03-09,559.1666870117188,570.0,543.3333129882812,559.1666870117188
2017-03-10,560.8333129882812,576.6666870117188,555.0,565.0
2017-03-13,569.1666870117188,572.5,531.6666870117188,532.5
2017-03-14,525.0,544.1666870117188,520.8333129882812,544.1666870117188
2017-03-15,540.0,542.5,500.0,504.1666564941406
2017-03-16,508.3333435058594,526.6666870117188,501.6666564941406,511.6666564941406
2017-03-17,505.0,507.5,487.5,489.1666564941406
2017-03-21,486.1666564941406,499.1666564941406,485.0,495.0
2017-03-22,485.0,494.5,478.8333435058594,485.6666564941406
2017-03-23,491.1666564941406,512.5,487.5,508.3333435058594
2017-03-24,508.3333435058594,510.0,497.0,507.5
2017-03-27,513.3333129882812,513.3333129882812,492.1666564941406,497.5
2017-03-28,500.0,501.6666564941406,488.3333435058594,491.5
2017-03-29,493.1666564941406,508.3333435058594,488.3333435058594,505.8333435058594
2017-03-30,505.8333435058594,524.1666870117188,500.0,504.1666564941406
2017-03-31,502.5,513.3333129882812,498.5,503.3333435058594
2017-04-03,499.6666564941406,502.5,488.8333435058594,492.6666564941406
2017-04-04,491.0,492.1666564941406,469.5,477.5
2017-04-05,478.3333435058594,480.0,464.1666564941406,468.0
2017-04-06,456.8333435058594,459.1666564941406,438.1666564941406,440.5
2017-04-07,446.8333435058594,454.3333435058594,425.0,447.5
2017-04-10,447.6666564941406,460.0,447.5,454.1666564941406
2017-04-11,454.1666564941406,454.1666564941406,437.8333435058594,443.1666564941406
2017-04-12,433.3333435058594,435.0,419.6666564941406,420.5
2017-04-13,408.6666564941406,423.8333435058594,405.0,420.0
2017-04-14,423.8333435058594,423.8333435058594,408.5,409.3333435058594
2017-04-17,409.1666564941406,417.8333435058594,408.8333435058594,415.0
2017-04-18,423.3333435058594,423.3333435058594,413.3333435058594,420.6666564941406
2017-04-19,416.5,424.6666564941406,413.6666564941406,424.6666564941406
2017-04-20,427.5,430.8333435058594,425.8333435058594,430.6666564941406
2017-04-21,435.0,436.3333435058594,431.8333435058594,435.3333435058594
2017-04-24,436.6666564941406,437.1666564941406,425.0,426.0
2017-04-25,429.5,436.1666564941406,427.5,436.0
2017-04-26,441.6666564941406,451.6666564941406,441.6666564941406,447.3333435058594
2017-04-27,447.6666564941406,452.6666564941406,442.5,445.5
2017-04-28,440.3333435058594,445.0,440.1666564941406,443.0
2017-05-01,445.8333435058594,445.8333435058594,440.0,442.0
2017-05-02,444.0,447.3333435058594,442.3333435058594,443.5
2017-05-08,451.6666564941406,460.3333435058594,450.8333435058594,460.3333435058594
2017-05-09,465.0,465.8333435058594,460.6666564941406,465.6666564941406
2017-05-10,466.6666564941406,471.0,465.8333435058594,470.0
2017-05-11,470.1666564941406,471.6666564941406,461.8333435058594,463.8333435058594
2017-05-12,461.6666564941406,467.5,457.8333435058594,465.6666564941406
2017-05-15,382.3333435058594,382.3333435058594,382.3333435058594,382.3333435058594
2017-05-16,368.5,375.0,359.1666564941406,366.0
2017-05-17,364.5,371.1666564941406,363.8333435058594,370.5
2017-05-18,361.8333435058594,365.6666564941406,357.0,359.6666564941406
2017-05-19,361.6666564941406,364.1666564941406,345.1666564941406,346.0
2017-05-22,350.0,358.3333435058594,348.3333435058594,356.1666564941406
2017-05-23,360.8333435058594,372.3333435058594,360.0,363.5
2017-05-24,370.0,371.5,365.0,369.0
2017-05-25,371.6666564941406,372.3333435058594,360.5,369.1666564941406
2017-05-26,369.6666564941406,403.6666564941406,362.6666564941406,401.6666564941406
2017-05-29,400.0,401.0,384.0,388.6666564941406
2017-05-30,387.1666564941406,387.6666564941406,375.0,380.0
2017-05-31,380.0,406.6666564941406,377.0,397.1666564941406
2017-06-01,397.1666564941406,397.1666564941406,387.5,393.1666564941406
2017-06-02,399.0,399.0,385.0,390.0
2017-06-05,386.6666564941406,395.0,386.6666564941406,394.0
2017-06-06,391.8333435058594,396.5,384.6666564941406,384.6666564941406
2017-06-07,383.5,384.0,376.0,380.5
2017-06-08,379.6666564941406,385.5,376.6666564941406,376.6666564941406
2017-06-09,376.8333435058594,378.8333435058594,374.0,376.0
2017-06-12,373.3333435058594,378.0,369.1666564941406,370.6666564941406
2017-06-13,369.0,369.8333435058594,367.0,367.3333435058594
2017-06-14,368.8333435058594,369.0,363.8333435058594,365.0
2017-06-15,363.3333435058594,363.8333435058594,359.6666564941406,360.6666564941406
2017-06-16,366.5,366.6666564941406,358.6666564941406,358.6666564941406
2017-06-19,358.3333435058594,365.8333435058594,355.0,363.5
2017-06-20,361.6666564941406,368.3333435058594,361.6666564941406,364.6666564941406
2017-06-21,365.8333435058594,365.8333435058594,357.5,358.8333435058594
2017-06-22,357.3333435058594,359.3333435058594,357.1666564941406,359.0
2017-06-23,359.1666564941406,367.3333435058594,359.1666564941406,360.1666564941406
2017-06-26,360.1666564941406,363.1666564941406,360.1666564941406,361.5
2017-06-27,361.5,365.0,360.5,364.3333435058594
2017-06-28,364.0,364.0,358.6666564941406,359.0
2017-06-29,358.5,362.5,350.0,352.5
2017-06-30,352.6666564941406,352.6666564941406,348.1666564941406,350.1666564941406
2017-07-03,348.5,348.8333435058594,342.6666564941406,345.0
2017-07-04,345.0,345.1666564941406,341.3333435058594,341.6666564941406
2017-07-05,340.8333435058594,340.8333435058594,336.5,339.6666564941406
2017-07-06,337.5,339.6666564941406,337.5,339.5
2017-07-07,336.8333435058594,338.8333435058594,333.3333435058594,338.8333435058594
2017-07-10,338.6666564941406,351.5,332.0,351.5
2017-07-11,349.3333435058594,349.3333435058594,342.5,345.5
2017-07-12,346.0,346.0,337.5,341.1666564941406
2017-07-13,341.0,341.0,338.3333435058594,338.6666564941406
2017-07-14,340.8333435058594,340.8333435058594,336.3333435058594,337.1666564941406
2017-07-17,337.1666564941406,337.1666564941406,337.1666564941406,337.1666564941406
2017-07-18,338.3333435058594,338.3333435058594,332.8333435058594,333.0
2017-07-19,333.0,334.1666564941406,332.5,333.6666564941406
2017-07-20,336.1666564941406,347.5,334.0,342.8333435058594
2017-07-21,341.0,341.8333435058594,336.6666564941406,339.8333435058594
2017-07-24,340.5,340.5,335.5,337.5
2017-07-25,335.5,340.0,334.0,334.6666564941406
2017-07-26,336.0,336.6666564941406,334.3333435058594,335.1666564941406
2017-07-27,334.6666564941406,335.3333435058594,333.5,333.5
2017-07-28,333.5,334.3333435058594,321.1666564941406,325.3333435058594
2017-07-31,323.3333435058594,323.3333435058594,317.0,318.3333435058594
2017-08-01,316.6666564941406,316.6666564941406,302.3333435058594,303.6666564941406
2017-08-02,302.6666564941406,316.3333435058594,302.5,316.3333435058594
2017-08-03,319.1666564941406,319.1666564941406,308.3333435058594,309.6666564941406
2017-08-04,308.3333435058594,308.3333435058594,303.6666564941406,303.6666564941406
2017-08-07,304.0,307.6666564941406,303.3333435058594,304.6666564941406
2017-08-08,306.6666564941406,308.3333435058594,304.1666564941406,306.1666564941406
2017-08-09,305.0,305.0,302.0,304.1666564941406
2017-08-10,302.1666564941406,304.5,300.1666564941406,304.5
2017-08-11,304.5,304.5,304.5,304.5
2017-08-14,301.6666564941406,314.8333435058594,301.3333435058594,314.8333435058594
2017-08-15,321.5,332.3333435058594,320.0,332.0
2017-08-16,332.1666564941406,332.1666564941406,318.1666564941406,320.0
2017-08-17,322.5,322.5,310.0,310.6666564941406
2017-08-18,308.6666564941406,309.3333435058594,304.1666564941406,307.0
2017-08-21,308.3333435058594,312.1666564941406,301.0,301.6666564941406
2017-08-22,303.3333435058594,303.5,299.6666564941406,301.8333435058594
2017-08-23,301.3333435058594,305.6666564941406,299.6666564941406,303.5
2017-08-24,303.1666564941406,305.8333435058594,301.3333435058594,304.6666564941406
2017-08-25,308.3333435058594,319.0,306.6666564941406,317.0
2017-08-28,314.0,325.8333435058594,314.0,324.6666564941406
2017-08-29,318.0,328.1666564941406,318.0,327.8333435058594
2017-08-30,328.3333435058594,330.0,327.1666564941406,327.1666564941406
2017-08-31,327.6666564941406,339.0,327.6666564941406,339.0
2017-09-01,336.8333435058594,338.0,329.8333435058594,335.5
2017-09-04,333.3333435058594,333.3333435058594,325.8333435058594,329.1666564941406
2017-09-05,326.3333435058594,328.1666564941406,313.8333435058594,314.1666564941406
2017-09-06,303.6666564941406,314.3333435058594,303.6666564941406,311.8333435058594
2017-09-07,312.6666564941406,316.3333435058594,307.5,308.0
2017-09-08,304.5,311.0,304.5,310.0
2017-09-11,316.3333435058594,319.6666564941406,313.5,319.1666564941406
2017-09-12,321.1666564941406,328.5,316.1666564941406,328.0
2017-09-13,323.1666564941406,331.0,323.1666564941406,328.1666564941406
2017-09-14,331.1666564941406,334.6666564941406,325.5,327.1666564941406
2017-09-15,320.5,329.0,320.5,329.0
2017-09-18,329.0,329.0,329.0,329.0
2017-09-19,328.3333435058594,345.3333435058594,327.8333435058594,343.3333435058594
2017-09-20,345.5,356.3333435058594,344.1666564941406,352.3333435058594
2017-09-21,356.6666564941406,356.6666564941406,350.8333435058594,353.3333435058594
2017-09-22,355.6666564941406,358.1666564941406,353.1666564941406,356.6666564941406
2017-09-25,355.5,362.1666564941406,355.5,360.0
2017-09-26,363.3333435058594,374.1666564941406,361.1666564941406,374.1666564941406
2017-09-27,373.8333435058594,373.8333435058594,361.8333435058594,361.8333435058594
2017-09-28,359.3333435058594,367.8333435058594,357.1666564941406,359.6666564941406
2017-09-29,359.6666564941406,364.6666564941406,359.6666564941406,360.1666564941406
2017-10-02,361.6666564941406,370.3333435058594,361.5,364.8333435058594
2017-10-03,362.5,366.3333435058594,361.8333435058594,365.6666564941406
2017-10-04,363.6666564941406,370.1666564941406,363.0,369.6666564941406
2017-10-05,365.6666564941406,367.6666564941406,364.3333435058594,365.1666564941406
2017-10-06,364.1666564941406,368.1666564941406,364.1666564941406,367.3333435058594
2017-10-09,367.3333435058594,367.3333435058594,367.3333435058594,367.3333435058594
2017-10-10,367.3333435058594,371.5,366.6666564941406,370.8333435058594
2017-10-11,371.5,372.8333435058594,370.6666564941406,372.3333435058594
2017-10-12,372.5,374.6666564941406,372.5,373.5
2017-10-13,375.6666564941406,377.6666564941406,373.5,375.0
2017-10-16,375.0,376.6666564941406,374.8333435058594,375.6666564941406
2017-10-17,400.0,413.8333435058594,383.8333435058594,391.6666564941406
2017-10-18,393.5,401.6666564941406,389.0,392.1666564941406
2017-10-19,392.1666564941406,395.8333435058594,392.1666564941406,395.8333435058594
2017-10-20,395.6666564941406,395.6666564941406,393.0,394.1666564941406
2017-10-23,395.6666564941406,395.6666564941406,392.6666564941406,393.3333435058594
2017-10-24,391.6666564941406,393.0,378.5,386.6666564941406
2017-10-25,383.3333435058594,386.0,371.8333435058594,376.8333435058594
2017-10-26,374.6666564941406,377.5,374.6666564941406,374.6666564941406
2017-10-27,377.0,378.3333435058594,375.1666564941406,377.5
2017-10-30,377.6666564941406,381.1666564941406,376.8333435058594,379.1666564941406
2017-10-31,377.1666564941406,377.6666564941406,367.6666564941406,368.1666564941406
2017-11-01,363.6666564941406,374.6666564941406,361.3333435058594,365.3333435058594
2017-11-02,365.5,368.5,361.1666564941406,366.8333435058594
2017-11-03,366.8333435058594,366.8333435058594,366.8333435058594,366.8333435058594
2017-11-06,365.8333435058594,368.0,362.8333435058594,367.1666564941406
2017-11-07,366.1666564941406,366.1666564941406,360.6666564941406,360.6666564941406
2017-11-08,360.6666564941406,360.6666564941406,353.0,354.3333435058594
2017-11-09,362.6666564941406,362.6666564941406,333.6666564941406,344.0
2017-11-10,347.3333435058594,347.3333435058594,335.1666564941406,341.6666564941406
2017-11-13,345.8333435058594,354.6666564941406,342.1666564941406,351.6666564941406
2017-11-14,353.6666564941406,359.1666564941406,338.1666564941406,338.8333435058594
2017-11-15,345.0,345.0,329.0,334.3333435058594
2017-11-16,335.6666564941406,346.3333435058594,335.6666564941406,345.5
2017-11-17,362.5,371.8333435058594,357.1666564941406,366.6666564941406
2017-11-20,369.1666564941406,377.5,369.1666564941406,377.5
2017-11-21,385.8333435058594,386.1666564941406,374.6666564941406,375.3333435058594
2017-11-22,383.6666564941406,386.5,376.0,385.6666564941406
2017-11-23,385.6666564941406,385.6666564941406,385.6666564941406,385.6666564941406
2017-11-24,385.0,390.6666564941406,384.8333435058594,390.1666564941406
2017-11-27,395.0,396.0,390.1666564941406,393.5
2017-11-28,396.6666564941406,396.6666564941406,384.6666564941406,386.6666564941406
2017-11-29,385.1666564941406,385.8333435058594,379.0,380.3333435058594
2017-11-30,380.3333435058594,382.3333435058594,375.5,381.3333435058594
2017-12-01,381.3333435058594,383.1666564941406,380.0,383.0
2017-12-04,381.6666564941406,394.6666564941406,381.6666564941406,392.5
2017-12-05,391.5,391.5,380.8333435058594,386.1666564941406
2017-12-06,383.3333435058594,385.5,370.3333435058594,372.5
2017-12-07,369.3333435058594,377.6666564941406,369.3333435058594,374.5
2017-12-08,376.6666564941406,376.6666564941406,373.5,375.5
2017-12-11,379.3333435058594,381.5,376.1666564941406,377.1666564941406
2017-12-12,377.1666564941406,377.1666564941406,375.5,376.8333435058594
2017-12-13,377.5,377.5,372.1666564941406,373.1666564941406
2017-12-14,376.0,378.0,373.1666564941406,374.5
2017-12-15,374.5,374.5,366.8333435058594,372.3333435058594
2017-12-18,365.6666564941406,371.6666564941406,365.6666564941406,368.6666564941406
2017-12-19,385.3333435058594,403.8333435058594,385.3333435058594,397.1666564941406
2017-12-20,390.5,396.5,390.5,395.0
2017-12-21,397.5,406.6666564941406,396.0,404.8333435058594
2017-12-22,408.3333435058594,408.3333435058594,400.5,400.5
2017-12-25,404.8333435058594,410.5,398.1666564941406,405.0
2017-12-26,401.6666564941406,403.0,384.1666564941406,390.6666564941406
2017-12-27,387.5,397.8333435058594,386.0,394.5
2017-12-28,398.1666564941406,404.3333435058594,393.3333435058594,394.8333435058594
2017-12-29,395.0,400.0,394.0,396.6666564941406
2018-01-01,396.6666564941406,396.6666564941406,396.6666564941406,396.6666564941406
2018-01-02,396.6666564941406,396.6666564941406,396.6666564941406,396.6666564941406
2018-01-03,396.6666564941406,396.6666564941406,396.6666564941406,396.6666564941406
2018-01-04,400.0,405.5,399.3333435058594,402.5
2018-01-05,402.5,412.0,401.6666564941406,410.8333435058594
2018-01-08,410.8333435058594,410.8333435058594,410.8333435058594,410.8333435058594
2018-01-09,408.6666564941406,408.6666564941406,401.8333435058594,402.3333435058594
2018-01-10,405.1666564941406,406.0,396.0,397.5
2018-01-11,393.5,402.0,393.5,400.0
2018-01-12,400.8333435058594,407.5,400.8333435058594,405.0
2018-01-15,410.3333435058594,428.5,410.3333435058594,427.3333435058594
2018-01-16,427.3333435058594,443.3333435058594,418.3333435058594,443.3333435058594
2018-01-17,443.3333435058594,453.1666564941406,427.0,445.0
2018-01-18,445.1666564941406,452.6666564941406,442.6666564941406,444.3333435058594
2018-01-19,443.0,450.8333435058594,439.1666564941406,442.6666564941406
2018-01-22,446.5,448.6666564941406,442.6666564941406,445.1666564941406
2018-01-23,444.8333435058594,445.0,438.3333435058594,438.8333435058594
2018-01-24,444.1666564941406,450.0,443.3333435058594,449.8333435058594
2018-01-25,455.6666564941406,457.8333435058594,450.0,454.5
2018-01-26,458.1666564941406,465.8333435058594,454.8333435058594,462.3333435058594
2018-01-29,462.3333435058594,470.6666564941406,460.5,469.5
2018-01-30,467.0,468.6666564941406,446.0,452.1666564941406
2018-01-31,444.1666564941406,454.1666564941406,444.1666564941406,447.1666564941406
2018-02-01,454.0,471.6666564941406,451.5,470.0
2018-02-02,469.8333435058594,469.8333435058594,456.5,465.0
2018-02-05,443.5,451.3333435058594,442.5,444.8333435058594
2018-02-06,394.8333435058594,411.6666564941406,367.1666564941406,398.5
2018-02-07,417.3333435058594,418.0,398.3333435058594,403.8333435058594
2018-02-08,405.0,414.5,398.0,413.6666564941406
2018-02-09,383.8333435058594,395.8333435058594,372.0,391.8333435058594
2018-02-12,391.8333435058594,391.8333435058594,391.8333435058594,391.8333435058594
2018-02-13,399.6666564941406,400.0,386.1666564941406,399.6666564941406
2018-02-14,483.0,483.0,483.0,483.0
2018-02-15,458.0,469.8333435058594,441.3333435058594,461.5
2018-02-16,461.5,475.6666564941406,451.6666564941406,466.6666564941406
2018-02-19,469.0,476.5,464.0,475.0
2018-02-20,480.8333435058594,496.6666564941406,479.6666564941406,491.8333435058594
2018-02-21,496.6666564941406,508.3333435058594,492.3333435058594,505.8333435058594
2018-02-22,508.3333435058594,508.3333435058594,495.3333435058594,500.0
2018-02-23,510.0,528.3333129882812,505.0,518.3333129882812
2018-02-26,533.3333129882812,545.8333129882812,523.3333129882812,535.0
2018-02-27,546.6666870117188,547.5,515.0,537.5
2018-02-28,546.6666870117188,555.0,537.5,537.5
2018-03-01,528.3333129882812,536.6666870117188,510.8333435058594,532.5
2018-03-02,521.6666870117188,546.6666870117188,518.3333129882812,541.6666870117188
2018-03-05,553.3333129882812,553.3333129882812,526.6666870117188,549.1666870117188
2018-03-06,544.5,550.0,498.0,509.5
2018-03-07,518.0,560.0,509.5,550.0
2018-03-08,560.0,584.0,555.0,566.0
2018-03-09,562.5,564.0,523.0,540.0
2018-03-12,555.0,570.0,542.0,550.0
2018-03-13,560.0,577.0,555.0,560.0
2018-03-14,569.0,575.0,544.5,562.5
2018-03-15,557.0,560.0,515.0,546.0
2018-03-16,544.0,545.5,526.0,545.0
2018-03-19,542.5,542.5,511.0,516.0
2018-03-20,501.0,514.0,492.5,510.0
2018-03-21,510.0,510.0,510.0,510.0
2018-03-22,514.0,537.5,510.5,535.0
2018-03-23,511.0,521.0,499.5,505.5
2018-03-26,497.0,511.5,477.5,500.5
2018-03-27,501.0,512.0,492.0,500.5
2018-03-28,485.5,532.5,485.5,508.0
2018-03-29,515.0,517.0,501.5,505.0
2018-03-30,509.0,518.0,505.5,511.5
2018-04-02,514.5,539.5,514.5,526.5
2018-04-03,515.5,544.0,515.5,527.5
2018-04-04,527.5,548.0,524.0,546.0
2018-04-05,542.0,557.5,536.0,536.5
2018-04-06,537.0,545.0,532.5,540.0
2018-04-09,549.5,549.5,517.5,518.5
2018-04-10,518.0,518.0,505.0,512.5
2018-04-11,512.5,516.0,500.0,500.5
2018-04-12,500.0,517.5,497.0,505.0
2018-04-13,505.0,526.5,501.5,524.5
2018-04-16,521.5,532.0,520.0,525.0
2018-04-17,519.0,522.0,501.5,503.5
2018-04-18,504.0,523.5,504.0,515.5
2018-04-19,513.0,513.0,490.0,507.5
2018-04-20,509.0,523.5,507.5,515.5
2018-04-23,515.5,515.5,510.5,515.0
2018-04-24,516.0,543.0,516.0,540.5
2018-04-25,539.5,547.5,535.0,541.0
2018-04-26,549.5,564.0,547.5,550.5
2018-04-27,548.5,555.0,545.5,548.0
2018-04-30,548.0,548.0,548.0,548.0
2018-05-01,548.0,548.0,527.0,531.0
2018-05-02,526.5,532.0,522.5,531.0
2018-05-03,531.0,531.0,531.0,531.0
2018-05-04,531.0,531.0,531.0,531.0
2018-05-07,532.0,532.0,521.0,521.0
2018-05-08,521.5,527.0,510.0,514.5
2018-05-09,515.5,526.0,511.0,511.0
2018-05-10,512.5,517.0,501.0,501.0
2018-05-11,502.0,502.0,491.5,493.5
2018-05-14,488.0,515.0,486.5,507.5
2018-05-15,612.5,617.0,555.5,560.0
2018-05-16,575.0,580.0,566.0,570.5
2018-05-17,586.5,597.5,565.0,569.0
2018-05-18,576.5,630.0,576.5,630.0
2018-05-21,650.5,670.0,640.0,649.0
2018-05-22,649.0,662.5,640.0,660.0
2018-05-23,655.5,687.0,640.0,685.0
2018-05-24,675.5,677.5,642.5,670.0
2018-05-25,655.0,665.0,648.0,649.0
2018-05-28,655.0,690.0,654.5,684.0
2018-05-29,672.5,687.0,658.0,679.5
2018-05-30,650.0,658.5,641.0,644.5
2018-05-31,649.5,666.0,641.0,659.0
2018-06-01,654.5,664.0,623.0,635.5
2018-06-04,635.5,649.5,625.0,629.5
2018-06-05,631.0,635.0,600.0,602.5
2018-06-06,605.0,612.5,578.0,583.5
2018-06-07,577.5,606.5,575.5,603.5
2018-06-08,602.5,607.5,588.5,595.0
2018-06-11,602.5,619.0,585.0,611.0
2018-06-12,616.0,631.5,596.0,620.0
2018-06-13,629.5,646.0,615.5,629.5
2018-06-14,644.5,644.5,631.0,640.0
2018-06-15,640.5,640.5,618.0,629.5
2018-06-18,629.5,631.0,607.5,627.5
2018-06-19,631.5,656.0,621.0,640.5
2018-06-20,649.5,662.0,623.5,660.5
2018-06-21,660.5,679.0,650.0,666.5
2018-06-22,662.0,677.0,653.0,674.5
2018-06-25,682.0,713.5,663.0,671.0
2018-06-26,658.5,692.0,648.0,682.0
2018-06-27,677.0,697.0,658.0,658.5
2018-06-28,659.0,661.5,631.5,637.5
2018-06-29,634.0,647.0,633.0,645.5
2018-07-02,645.0,672.0,626.0,659.0
2018-07-03,670.0,675.5,632.5,660.0
2018-07-04,654.0,675.5,640.5,672.5
2018-07-05,672.5,677.5,655.5,659.0
2018-07-06,666.5,690.0,663.0,684.0
2018-07-09,698.0,740.0,697.0,713.0
2018-07-10,733.5,742.5,703.0,709.5
2018-07-11,719.0,740.5,692.5,735.5
2018-07-12,735.5,755.0,735.5,750.0
2018-07-13,765.0,765.0,729.0,739.0
2018-07-16,739.0,739.0,739.0,739.0
2018-07-17,732.0,742.5,705.5,740.5
2018-07-18,750.0,774.5,729.5,729.5
2018-07-19,721.0,747.5,717.0,741.0
2018-07-20,737.0,737.0,715.0,716.5
2018-07-23,708.0,718.0,701.0,716.5
2018-07-24,720.0,722.5,705.0,711.0
2018-07-25,709.0,726.5,709.0,719.0
2018-07-26,719.0,721.0,706.0,706.5
2018-07-27,714.0,714.0,686.0,699.5
2018-07-30,709.0,709.0,671.5,673.5
2018-07-31,668.0,668.5,643.5,663.0
2018-08-01,665.0,687.5,653.0,682.0
2018-08-02,686.0,699.0,663.5,672.5
2018-08-03,680.0,681.5,659.0,667.5
2018-08-06,669.5,692.5,668.5,679.5
2018-08-07,709.0,817.0,708.0,789.5
2018-08-08,787.0,856.5,774.5,842.5
2018-08-09,834.0,840.5,806.0,812.5
2018-08-10,843.0,853.5,823.0,841.0
2018-08-13,820.0,820.0,789.0,810.5
2018-08-14,810.5,839.0,810.0,815.0
2018-08-15,810.5,815.0,765.0,772.0
2018-08-16,769.5,820.0,768.5,817.5
2018-08-17,820.0,822.5,808.5,818.5
2018-08-20,825.0,838.5,815.5,816.5
2018-08-21,815.0,818.0,803.5,806.0
2018-08-22,803.5,805.5,768.5,798.5
2018-08-23,798.5,811.0,786.0,809.0
2018-08-24,818.5,824.0,780.0,809.5
2018-08-27,820.0,823.0,808.5,812.0
2018-08-28,812.0,849.5,796.0,841.0
2018-08-29,841.0,881.5,829.5,852.0
2018-08-30,858.0,894.5,858.0,876.0
2018-08-31,874.0,919.0,872.5,902.0
2018-09-03,905.0,905.0,872.5,885.0
2018-09-04,871.0,885.0,850.0,878.5
2018-09-05,880.0,899.0,825.5,829.5
2018-09-06,837.5,862.5,837.5,841.0
2018-09-07,859.5,871.0,813.0,837.0
2018-09-10,837.0,846.0,785.0,803.5
2018-09-11,796.0,801.5,761.0,775.0
2018-09-12,774.5,808.0,766.0,774.5
2018-09-13,775.0,789.0,728.5,755.5
2018-09-14,773.0,807.0,764.0,803.5
2018-09-17,803.5,803.5,803.5,803.5
2018-09-18,813.5,835.0,789.0,831.0
2018-09-19,837.0,843.0,794.5,815.0
2018-09-20,823.5,825.0,778.0,792.0
2018-09-21,801.0,801.0,765.0,768.5
2018-09-24,768.5,768.5,768.5,768.5
2018-09-25,765.5,808.5,765.5,794.5
2018-09-26,807.5,807.5,775.0,786.5
2018-09-27,777.0,792.5,765.5,791.0
2018-09-28,802.5,810.5,790.0,810.0
2018-10-01,800.0,808.5,782.5,802.5
2018-10-02,807.5,807.5,775.0,786.0
2018-10-03,787.5,789.0,775.0,786.0
2018-10-04,788.5,796.5,748.0,770.5
2018-10-05,754.0,780.0,753.5,758.0
2018-10-08,758.0,758.0,758.0,758.0
2018-10-09,758.0,760.0,729.0,732.0
2018-10-10,724.5,746.5,720.5,737.5
2018-10-11,692.5,716.0,677.0,714.0
2018-10-12,706.0,720.0,696.5,715.0
2018-10-15,722.5,733.0,703.0,717.0
2018-10-16,715.0,730.0,685.5,718.5
2018-10-17,724.5,728.0,694.0,715.0
2018-10-18,719.0,758.0,713.0,725.0
2018-10-19,715.5,743.5,711.5,730.0
2018-10-22,722.5,781.0,717.5,759.5
2018-10-23,770.0,771.0,700.0,704.0
2018-10-24,719.0,739.0,663.5,736.0
2018-10-25,676.5,714.0,667.5,704.0
2018-10-26,699.0,700.0,625.5,630.0
2018-10-29,617.5,660.0,602.0,621.0
2018-10-30,606.0,647.5,601.5,613.5
2018-10-31,617.5,633.0,588.5,627.5
2018-11-01,618.0,668.0,618.0,667.0
2018-11-02,652.0,664.0,638.0,658.0
2018-11-05,646.0,667.0,633.0,639.0
2018-11-06,633.0,654.0,628.0,631.5
2018-11-07,644.5,667.0,630.5,638.5
2018-11-08,653.5,653.5,635.0,646.5
2018-11-09,643.5,665.0,636.5,661.0
2018-11-12,657.0,657.0,628.5,629.0
2018-11-13,617.0,625.0,597.5,602.0
2018-11-14,607.5,621.0,582.5,605.5
2018-11-15,593.0,594.0,568.5,575.5
2018-11-16,571.0,571.0,531.0,535.0
2018-11-19,550.0,555.0,533.5,540.5
2018-11-20,535.0,545.5,529.0,535.0
2018-11-21,526.5,543.0,523.0,525.0
2018-11-22,529.0,535.0,515.5,525.5
2018-11-23,525.5,525.5,525.5,525.5
2018-11-26,525.5,537.0,523.5,526.5
2018-11-27,523.0,526.5,507.5,512.5
2018-11-28,515.0,528.0,512.5,521.0
2018-11-29,521.5,531.5,509.0,517.0
2018-11-30,525.0,525.0,496.5,501.5
2018-12-03,498.0,513.0,484.0,503.5
2018-12-04,499.0,499.0,485.0,490.0
2018-12-05,480.0,488.5,473.5,481.0
2018-12-06,475.5,479.0,462.5,466.5
2018-12-07,462.5,474.0,449.0,468.0
2018-12-10,457.5,462.5,434.0,438.0
2018-12-11,439.0,441.5,425.0,433.0
2018-12-12,431.5,451.0,431.5,447.5
2018-12-13,455.0,460.5,443.0,454.0
2018-12-14,459.5,460.0,443.5,456.5
2018-12-17,451.0,456.5,442.0,447.0
2018-12-18,437.5,451.0,434.5,446.5
2018-12-19,446.5,456.5,438.5,446.0
2018-12-20,444.0,444.0,405.0,420.0
2018-12-21,419.5,420.0,398.5,404.5
2018-12-24,404.5,404.5,404.5,404.5
2018-12-25,364.5,373.0,362.0,366.0
2018-12-26,370.5,379.5,366.0,370.5
2018-12-27,385.5,409.5,382.5,401.5
2018-12-28,405.0,409.5,386.5,401.5
2018-12-31,401.5,401.5,401.5,401.5
2019-01-04,397.0,397.0,370.0,375.5
2019-01-07,390.0,397.0,386.0,388.5
2019-01-08,385.0,417.0,385.0,408.0
2019-01-09,412.0,427.5,404.5,418.5
2019-01-10,408.5,408.5,392.5,400.0
2019-01-11,415.0,415.5,403.0,409.5
2019-01-15,415.0,415.0,407.0,412.0
2019-01-16,415.0,415.5,401.5,406.5
2019-01-17,414.0,435.0,413.5,434.5
2019-01-18,447.5,459.5,447.0,454.5
2019-01-21,466.0,466.0,438.0,442.0
2019-01-22,517.0,517.0,517.0,517.0
2019-01-23,667.0,667.0,667.0,667.0
2019-01-24,727.0,732.0,636.0,645.0
2019-01-25,665.0,677.5,655.5,675.0
2019-01-28,700.5,700.5,664.0,667.5
2019-01-29,663.5,681.5,656.0,675.0
2019-01-30,673.0,673.0,649.0,649.0
2019-01-31,659.0,660.0,650.0,651.5
2019-02-01,660.0,660.0,644.0,650.0
2019-02-04,660.0,665.5,653.5,654.0
2019-02-05,664.0,677.5,658.0,674.5
2019-02-06,682.0,686.0,662.5,674.0
2019-02-07,674.0,677.0,659.0,662.0
2019-02-08,651.5,661.5,646.5,648.0
2019-02-12,664.0,675.0,649.5,653.5
2019-02-13,660.5,671.0,651.0,652.0
2019-02-14,655.0,655.5,646.5,648.5
2019-02-15,648.0,654.5,643.0,653.5
2019-02-18,660.0,662.5,649.0,651.0
2019-02-19,650.0,654.5,649.0,654.0
2019-02-20,657.5,659.5,651.5,655.5
2019-02-21,656.0,656.0,648.5,649.5
2019-02-22,648.5,652.5,644.5,647.0
2019-02-25,655.0,671.0,654.5,665.0
2019-02-26,671.5,676.0,655.0,661.0
2019-02-27,664.5,676.0,663.0,674.0
2019-02-28,677.5,678.0,668.5,668.5
2019-03-01,672.0,672.5,664.5,666.5
2019-03-04,667.5,669.5,665.0,667.0
2019-03-05,667.0,670.5,663.5,670.0
2019-03-06,671.0,674.5,666.0,674.5
2019-03-07,674.5,677.5,667.0,669.5
2019-03-08,665.0,667.0,648.0,649.0
2019-03-11,657.5,657.5,643.5,651.0
2019-03-12,657.5,661.0,649.0,650.0
2019-03-13,651.0,651.0,636.0,637.0
2019-03-14,638.0,638.0,616.5,621.0
2019-03-15,621.0,632.5,620.5,626.5
2019-03-18,634.5,643.0,632.5,640.5
2019-03-19,641.5,646.0,639.0,640.5
2019-03-20,645.0,650.5,641.5,647.0
2019-03-22,650.0,657.0,647.5,655.0
2019-03-25,655.0,666.0,648.0,663.0
2019-03-26,664.5,668.0,656.5,657.5
2019-03-27,620.0,624.5,614.0,622.5
2019-03-28,630.5,647.0,618.5,644.0
2019-03-29,642.0,644.5,623.0,626.5
2019-04-01,629.0,644.5,627.0,628.5
2019-04-02,629.0,630.0,612.5,613.0
2019-04-03,612.0,621.0,602.0,616.0
2019-04-04,614.0,632.0,614.0,631.0
2019-04-05,631.0,634.0,618.0,621.0
2019-04-08,622.0,625.5,617.0,621.0
2019-04-09,620.0,621.0,607.5,610.0
2019-04-10,609.0,611.0,602.5,603.0
2019-04-11,603.0,604.5,594.0,598.5
2019-04-12,595.0,601.5,593.0,593.5
2019-04-15,594.0,603.0,591.0,592.5
2019-04-16,591.0,597.5,587.5,594.0
2019-04-17,599.0,604.0,591.5,594.5
2019-04-18,600.0,608.5,592.0,594.5
2019-04-19,599.0,602.0,591.5,593.0
2019-04-22,591.5,597.5,581.0,583.0
2019-04-23,579.5,600.0,573.5,600.0
2019-04-24,595.5,605.5,592.5,596.5
2019-04-25,593.0,593.0,582.0,589.5
2019-04-26,585.5,592.5,581.5,591.0
2019-05-07,600.0,605.5,592.5,595.5
2019-05-08,587.5,588.0,575.5,578.5
2019-05-09,575.0,575.0,547.0,549.0
2019-05-10,547.5,548.5,538.0,548.0
2019-05-13,561.5,575.0,551.5,553.0
2019-05-14,548.5,564.5,538.5,564.5
2019-05-15,564.5,564.5,551.0,564.0
2019-05-16,565.0,568.5,558.5,561.5
2019-05-17,562.5,565.0,557.0,560.0
2019-05-20,575.0,575.0,560.0,564.5
2019-05-21,565.0,565.0,550.5,551.0
2019-05-22,557.5,569.0,556.5,568.5
2019-05-23,570.0,570.0,556.0,565.0
2019-05-24,565.0,569.0,556.0,562.0
2019-05-27,565.0,565.0,558.5,560.0
2019-05-28,563.5,566.0,562.0,565.5
2019-05-29,567.5,572.0,562.5,567.5
2019-05-30,565.0,565.0,552.0,565.0
2019-05-31,564.0,564.0,551.5,556.5
2019-06-03,555.5,555.5,535.5,537.0
2019-06-04,537.5,538.0,523.0,533.5
2019-06-05,544.5,553.5,541.5,553.5
2019-06-06,553.5,553.5,546.5,546.5
2019-06-07,553.5,560.5,547.0,560.5
2019-06-10,565.0,567.5,562.0,566.0
2019-06-11,567.0,567.0,562.5,566.0
2019-06-12,567.0,570.5,564.0,565.5
2019-06-13,565.5,571.5,556.5,559.0
2019-06-14,562.0,572.0,552.0,571.0
2019-06-17,571.0,571.5,561.0,563.0
2019-06-18,565.0,565.0,547.0,552.5
2019-06-19,554.5,560.0,553.5,558.5
2019-06-20,559.5,574.5,555.5,574.5
2019-06-21,570.0,577.0,561.5,573.5
2019-06-24,573.0,573.0,556.0,566.0
2019-06-25,563.5,568.0,558.0,567.5
2019-06-26,562.5,570.5,558.5,570.5
2019-06-27,570.0,571.5,562.0,571.5
2019-06-28,570.0,570.5,565.0,567.5
2019-07-01,572.5,590.0,570.0,589.5
2019-07-02,581.5,593.5,580.0,593.5
2019-07-03,591.5,594.0,588.0,594.0
2019-07-04,594.0,598.5,592.0,594.5
2019-07-05,595.0,603.0,591.0,600.0
2019-07-08,606.0,607.5,595.5,601.5
2019-07-09,602.5,603.5,597.5,601.5
2019-07-10,600.5,600.5,595.0,598.5
2019-07-11,599.5,607.0,596.5,606.5
2019-07-12,606.5,606.5,596.5,598.0
2019-07-16,599.0,602.0,591.0,594.0
2019-07-17,594.0,595.0,581.5,584.5
2019-07-18,586.0,586.0,568.5,569.5
2019-07-19,570.0,588.0,565.5,588.0
2019-07-22,588.5,588.5,577.5,577.5
2019-07-23,577.5,578.0,570.5,575.0
2019-07-24,574.0,579.0,571.0,574.0
2019-07-25,574.5,575.0,570.0,571.5
2019-07-26,571.5,571.5,566.0,566.5
2019-07-29,567.5,569.5,566.0,566.0
2019-07-30,567.0,571.5,564.5,571.5
2019-07-31,571.5,572.0,564.5,568.5
2019-08-01,567.5,569.5,561.0,566.5
2019-08-02,566.5,566.5,551.0,556.5
2019-08-05,556.5,557.0,544.0,551.0
2019-08-06,539.0,570.5,535.0,570.0
2019-08-07,570.0,574.5,559.0,574.5
2019-08-08,575.5,575.5,565.5,572.5
2019-08-09,572.5,577.5,565.5,576.0
2019-08-13,566.0,571.5,556.5,571.5
2019-08-14,572.0,574.0,557.0,558.0
2019-08-15,550.0,554.0,543.5,546.0
2019-08-16,549.5,549.5,543.0,546.0
2019-08-19,550.0,550.0,535.5,537.5
2019-08-20,538.5,543.0,537.0,542.0
2019-08-21,540.5,541.0,536.5,541.0
2019-08-22,540.0,542.0,531.5,532.5
2019-08-23,532.5,533.5,530.5,533.5
2019-08-26,525.5,526.0,517.0,526.0
2019-08-27,526.0,529.5,520.5,522.5
2019-08-28,526.5,526.5,518.0,519.5
2019-08-29,520.0,521.0,513.5,518.5
2019-08-30,521.0,540.5,521.0,540.5
2019-09-02,539.5,546.5,536.5,546.5
2019-09-03,546.0,552.5,543.0,552.5
2019-09-04,552.0,553.0,543.0,544.5
2019-09-05,549.5,549.5,526.5,531.0
2019-09-06,532.5,533.5,528.5,532.0
2019-09-09,532.5,534.5,529.5,532.5
2019-09-10,533.5,534.0,530.5,531.5
2019-09-11,532.0,539.5,532.0,534.5
2019-09-12,538.5,542.0,537.0,538.5
2019-09-13,542.5,547.0,541.5,546.5
2019-09-17,552.5,561.0,552.5,560.5
2019-09-18,562.5,562.5,549.0,555.5
2019-09-19,560.0,566.5,559.5,564.5
2019-09-20,568.0,574.5,566.0,567.0
2019-09-24,574.0,589.0,574.0,582.5
2019-09-25,587.5,588.5,581.0,584.5
2019-09-26,590.0,590.5,584.5,590.5
2019-09-27,589.5,598.5,587.0,598.5
2019-09-30,605.0,605.0,599.5,604.0
2019-10-01,605.0,609.0,593.0,600.5
2019-10-02,600.5,609.0,599.5,606.5
2019-10-03,600.0,604.0,594.0,602.0
2019-10-04,602.0,604.5,600.0,603.0
2019-10-07,608.5,609.0,600.5,604.5
2019-10-08,604.0,608.5,601.0,601.5
2019-10-09,601.5,601.5,597.0,601.5
2019-10-10,604.0,604.5,599.0,603.5
2019-10-11,604.5,605.5,601.0,603.5
2019-10-15,608.5,608.5,603.5,607.5
2019-10-16,609.5,617.0,608.0,614.0
2019-10-17,617.5,626.5,614.5,622.5
2019-10-18,627.5,638.5,626.5,630.0
2019-10-21,639.0,648.5,639.0,643.0
2019-10-23,652.0,666.5,651.5,666.5
2019-10-24,669.5,670.5,659.5,664.0
2019-10-25,667.5,670.0,663.0,670.0
2019-10-28,671.0,678.0,663.0,676.0
2019-10-29,680.0,688.5,680.0,688.0
2019-10-30,688.5,714.5,688.0,714.5
2019-10-31,714.5,726.5,687.0,695.5
2019-11-01,686.0,693.0,679.0,692.5
2019-11-05,700.0,711.5,690.5,710.0
2019-11-06,710.0,710.0,701.0,706.5
2019-11-07,706.5,711.0,700.0,700.0
2019-11-08,704.0,705.0,699.0,700.0
2019-11-11,710.0,724.5,705.0,720.5
2019-11-12,721.0,722.5,706.0,710.5
2019-11-13,710.0,712.5,698.5,708.5
2019-11-14,705.0,719.0,702.0,708.0
2019-11-15,709.0,727.0,703.0,718.5
2019-11-18,721.5,773.5,721.5,764.0
2019-11-19,765.0,776.5,748.5,776.5
2019-11-20,772.5,776.0,761.5,776.0
2019-11-21,771.5,773.0,747.0,760.5
2019-11-22,750.5,764.0,750.5,755.0
2019-11-25,752.5,769.0,747.5,760.0
2019-11-26,777.0,801.0,774.0,792.0
2019-11-27,801.0,843.5,797.5,832.0
2019-11-28,830.0,846.0,814.0,819.0
2019-11-29,818.5,835.0,816.0,820.0
2019-12-02,820.0,823.5,802.5,812.0
2019-12-03,805.0,814.5,799.5,799.5
2019-12-04,797.5,797.5,775.0,781.5
2019-12-05,789.0,798.5,783.0,784.0
2019-12-06,780.0,780.0,770.0,774.5
2019-12-09,776.0,786.0,776.0,782.5
2019-12-10,785.0,809.5,784.5,798.0
2019-12-11,802.5,810.0,795.5,798.0
2019-12-12,804.5,804.5,788.0,791.0
2019-12-13,804.0,805.0,784.5,788.0
2019-12-16,792.5,799.5,784.5,785.5
2019-12-17,788.5,788.5,776.5,778.0
2019-12-18,777.0,786.0,774.5,775.5
2019-12-19,779.5,791.0,775.5,776.5
2019-12-20,782.0,786.5,776.5,777.5
2019-12-23,784.0,802.5,784.0,800.0
2019-12-24,800.0,816.5,795.0,801.5
2019-12-25,805.5,826.0,802.5,822.0
2019-12-26,828.0,839.5,819.0,825.5
2019-12-27,837.0,859.5,833.5,841.5
2019-12-30,854.0,866.0,849.0,859.0
2020-01-06,862.0,864.0,847.5,858.5
2020-01-07,865.5,882.0,860.5,879.0
2020-01-08,891.0,893.5,862.5,889.5
2020-01-09,909.0,950.0,907.0,950.0
2020-01-10,951.0,955.0,940.5,943.0
2020-01-14,945.5,952.0,932.5,933.0
2020-01-15,933.0,950.5,927.5,949.5
2020-01-16,952.5,975.5,942.0,953.0
2020-01-17,964.5,964.5,943.5,953.5
2020-01-20,966.0,1033.0,965.0,1013.0
2020-01-21,1013.0,1032.5,1008.0,1017.5
2020-01-22,1025.0,1067.5,1020.0,1067.5
2020-01-23,1084.0,1119.0,1078.5,1100.0
2020-01-24,1098.0,1098.0,1014.5,1020.0
2020-01-27,995.5,1051.0,979.0,1036.5
2020-01-28,1024.5,1034.0,998.5,1026.0
2020-01-29,1040.0,1050.0,992.0,1004.5
2020-01-30,1001.5,1014.0,964.0,987.0
2020-01-31,983.5,997.5,967.0,973.5
2020-02-03,953.5,998.0,943.0,995.5
2020-02-04,992.0,1002.0,986.0,1000.0
2020-02-05,1013.5,1018.0,993.0,999.5
2020-02-06,1011.5,1014.0,996.0,999.0
2020-02-07,1000.0,1014.0,978.5,991.0
2020-02-10,1050.0,1110.0,1047.5,1103.5
2020-02-12,1115.0,1179.0,1115.0,1170.5
2020-02-13,1174.0,1177.5,1120.5,1133.5
2020-02-14,1115.5,1129.0,1081.5,1101.0
2020-02-17,1090.0,1105.0,1077.0,1092.0
2020-02-18,1077.5,1087.5,1050.5,1066.0
2020-02-19,1075.0,1132.5,1074.5,1119.0
2020-02-20,1135.0,1147.0,1100.0,1112.5
2020-02-21,1111.5,1123.0,1102.0,1111.5
2020-02-25,1046.5,1095.0,1035.0,1064.5
2020-02-26,1040.5,1066.5,1034.0,1057.5
2020-02-27,1054.0,1060.0,966.0,970.0
2020-02-28,916.0,959.0,879.0,884.5
2020-03-02,881.5,984.5,881.0,954.5
2020-03-03,994.5,999.0,932.0,943.5
2020-03-04,943.0,995.0,940.5,987.0
2020-03-05,1007.0,1036.0,995.0,1013.5
2020-03-06,987.0,1005.0,975.5,987.0
2020-03-09,950.0,952.0,885.0,900.5
2020-03-10,880.5,954.5,852.5,942.0
2020-03-11,964.0,982.5,911.0,921.5
2020-03-12,895.0,937.0,875.0,891.5
2020-03-13,811.5,858.0,784.0,807.0
2020-03-16,839.5,864.5,815.0,833.0
2020-03-17,800.5,890.0,800.5,868.5
2020-03-18,899.0,903.0,836.5,847.5
2020-03-19,867.5,870.5,795.0,821.0
2020-03-23,835.0,846.0,796.0,838.5
2020-03-24,858.5,885.0,848.5,885.0
2020-03-25,975.0,989.5,931.0,969.5
2020-03-26,966.0,974.5,940.0,963.5
2020-03-27,985.0,985.0,940.5,963.5
2020-03-30,866.0,873.5,826.5,836.0
2020-03-31,840.0,875.0,840.0,875.0
2020-04-01,869.0,869.0,786.0,793.0
2020-04-02,793.0,812.5,745.0,746.0
2020-04-03,736.0,747.5,693.0,706.5
2020-04-06,693.0,715.0,672.0,712.5
2020-04-07,742.5,769.0,716.0,746.5
2020-04-08,747.5,791.0,720.5,782.5
2020-04-09,792.0,796.5,768.5,780.5
2020-04-10,775.0,796.5,768.5,796.5
2020-04-13,783.5,793.0,774.0,780.0
2020-04-14,775.5,800.0,774.0,795.5
2020-04-15,800.0,813.5,789.5,797.5
2020-04-16,795.0,807.0,785.0,807.0
2020-04-17,810.0,813.0,785.0,787.5
2020-04-20,787.5,794.0,763.5,769.0
2020-04-21,840.0,858.0,779.5,805.5
2020-04-22,792.5,792.5,752.5,760.0
2020-04-23,760.0,765.0,735.0,737.0
2020-04-24,728.0,728.0,702.0,710.5
2020-04-27,715.0,729.5,711.5,723.5
2020-04-28,723.5,729.5,714.0,722.5
2020-04-30,737.5,758.5,732.5,735.5
2020-05-01,730.0,749.5,722.5,742.5
2020-05-07,746.0,774.5,744.5,765.5
2020-05-08,775.0,806.5,756.0,792.0
2020-05-11,817.0,903.0,814.0,854.0
2020-05-12,853.0,868.0,836.0,839.0
2020-05-13,838.5,881.0,827.5,872.5
2020-05-14,877.5,880.0,843.0,844.0
2020-05-15,864.0,870.0,839.0,862.5
2020-05-18,859.5,872.5,857.5,864.0
2020-05-19,880.0,892.0,861.0,892.0
2020-05-20,888.0,897.5,880.5,885.5
2020-05-21,896.0,902.5,882.5,898.0
2020-05-22,900.0,903.0,887.5,899.0
2020-05-25,901.5,956.0,901.5,954.0
2020-05-26,960.5,989.0,960.5,975.0
2020-05-27,975.5,976.5,954.0,970.5
2020-05-28,972.5,987.0,960.0,982.5
2020-05-29,970.5,1008.5,970.5,1000.5
2020-06-01,999.0,1032.0,980.0,1024.0
2020-06-02,1024.0,1068.0,1024.0,1063.0
2020-06-03,1068.5,1074.0,1027.0,1040.5
2020-06-04,1048.0,1048.0,986.5,999.0
2020-06-05,989.0,993.0,969.0,988.0
2020-06-08,1008.0,1010.0,991.0,1008.0
2020-06-09,1000.5,1005.5,985.0,989.0
2020-06-10,988.0,994.5,974.0,994.5
2020-06-11,994.5,994.5,957.0,959.0
2020-06-12,900.0,956.5,900.0,954.5
2020-06-15,960.0,983.5,921.0,930.5
2020-06-16,969.5,983.5,952.5,978.5
2020-06-17,975.0,998.5,954.5,998.0
2020-06-18,998.0,1022.5,980.5,1020.0
2020-06-19,1019.5,1029.0,998.0,1026.0
2020-06-22,1026.0,1029.5,1004.5,1024.5
2020-06-23,1027.0,1027.0,993.0,1007.0
2020-06-24,1000.5,1016.5,997.5,1006.0
2020-06-25,995.0,1009.5,987.5,999.0
2020-06-26,999.5,1008.0,992.5,1001.0
2020-06-29,996.5,1014.5,989.0,1012.5
2020-06-30,1020.0,1020.0,996.0,1000.0
2020-07-01,1000.0,1017.5,997.0,1008.5
2020-07-02,1003.0,1007.0,963.0,976.0
2020-07-03,992.0,1006.0,977.5,994.0
2020-07-06,1000.0,1021.5,999.5,1018.5
2020-07-07,1022.5,1062.5,1018.5,1061.0
2020-07-08,1059.5,1062.0,1034.5,1035.5
2020-07-09,1035.5,1055.0,1032.0,1045.0
2020-07-10,1044.5,1044.5,1007.0,1012.0
2020-07-13,1015.0,1022.5,1005.5,1022.0
2020-07-14,1020.0,1020.0,997.5,1011.5
2020-07-15,1011.5,1023.5,1003.5,1019.0
2020-07-16,1024.0,1047.0,1020.0,1033.5
2020-07-17,1033.5,1033.5,1005.5,1007.5
2020-07-20,1023.0,1023.0,979.5,1010.5
2020-07-21,1010.5,1025.0,997.5,1025.0
2020-07-22,1025.0,1025.0,1007.0,1022.0
2020-07-27,1024.5,1029.5,1014.5,1029.5
2020-07-28,1029.5,1033.5,1011.5,1031.5
2020-07-29,1032.0,1032.0,1011.0,1022.0
2020-07-30,1020.0,1020.5,985.0,999.0
2020-07-31,983.5,985.5,951.5,953.0
2020-08-03,955.0,998.0,955.0,986.5
2020-08-04,999.5,1009.0,980.0,992.0
2020-08-05,1002.0,1012.0,988.5,1012.0
2020-08-06,1000.5,1049.5,1000.5,1044.5
2020-08-07,1045.0,1049.0,1014.5,1029.5
2020-08-11,1103.5,1150.0,1101.0,1130.5
2020-08-12,1130.0,1135.5,1103.0,1106.0
2020-08-13,1124.0,1144.5,1106.5,1129.0
2020-08-14,1130.0,1149.0,1128.0,1144.5
2020-08-17,1149.5,1222.5,1145.0,1220.0
2020-08-18,1243.5,1307.5,1230.5,1305.0
2020-08-19,1305.0,1367.5,1266.5,1335.0
2020-08-20,1315.5,1345.0,1308.5,1322.5
2020-08-21,1322.5,1343.0,1320.5,1333.0
2020-08-24,1339.5,1352.0,1331.0,1343.0
2020-08-25,1343.0,1345.0,1280.0,1280.0
2020-08-26,1279.5,1279.5,1223.0,1240.5
2020-08-27,1235.0,1260.5,1234.0,1247.5
2020-08-28,1308.0,1395.0,1302.0,1345.0
2020-08-31,1363.0,1371.0,1303.0,1339.0
2020-09-01,1335.0,1335.0,1285.0,1301.0
2020-09-02,1305.0,1310.0,1272.0,1297.0
2020-09-03,1299.0,1299.0,1262.0,1264.0
2020-09-04,1250.0,1282.0,1238.0,1281.0
2020-09-07,1191.0,1216.0,1100.0,1101.0
2020-09-08,1030.0,1035.0,995.0,1007.0
2020-09-09,997.0,1073.0,985.0,1064.0
2020-09-10,1051.0,1058.0,1015.0,1022.0
2020-09-11,1036.0,1046.0,1013.0,1038.0
2020-09-14,1040.0,1088.0,1036.0,1070.0
2020-09-15,1062.0,1099.0,1062.0,1094.0
2020-09-16,1100.0,1129.0,1083.0,1092.0
2020-09-17,1110.0,1131.0,1100.0,1102.0
2020-09-18,1101.0,1143.0,1101.0,1140.0
2020-09-23,1139.0,1155.0,1124.0,1136.0
2020-09-24,1136.0,1142.0,1095.0,1099.0
2020-09-25,1116.0,1179.0,1116.0,1179.0
2020-09-28,1179.0,1186.0,1160.0,1174.0
2020-09-29,1165.0,1172.0,1138.0,1163.0
2020-09-30,1160.0,1160.0,1105.0,1119.0
2020-10-02,1115.0,1127.0,1092.0,1106.0
2020-10-05,1115.0,1149.0,1110.0,1136.0
2020-10-06,1125.0,1131.0,1107.0,1124.0
2020-10-07,1130.0,1184.0,1126.0,1184.0
2020-10-08,1178.0,1181.0,1148.0,1154.0
2020-10-09,1174.0,1184.0,1150.0,1179.0
2020-10-12,1188.0,1188.0,1161.0,1182.0
2020-10-13,1188.0,1189.0,1169.0,1172.0
2020-10-14,1172.0,1172.0,1143.0,1155.0
2020-10-15,1150.0,1154.0,1131.0,1141.0
2020-10-16,1144.0,1144.0,1112.0,1124.0
2020-10-19,1115.0,1122.0,1097.0,1109.0
2020-10-20,1105.0,1110.0,1078.0,1079.0
2020-10-21,1081.0,1096.0,1075.0,1080.0
2020-10-22,1078.0,1078.0,1021.0,1044.0
2020-10-23,1045.0,1060.0,1022.0,1043.0
2020-10-26,1030.0,1044.0,1022.0,1025.0
2020-10-27,1022.0,1044.0,1016.0,1044.0
2020-10-28,1048.0,1055.0,1032.0,1037.0
2020-10-29,1030.0,1064.0,1023.0,1064.0
2020-10-30,1057.0,1079.0,1016.0,1033.0
2020-11-02,1039.0,1048.0,1021.0,1032.0
2020-11-04,1048.0,1051.0,1027.0,1047.0
2020-11-05,1059.0,1075.0,1048.0,1075.0
2020-11-06,1076.0,1085.0,1053.0,1076.0
2020-11-09,1046.0,1102.0,1039.0,1088.0
2020-11-10,1100.0,1103.0,1056.0,1057.0
2020-11-11,1086.0,1133.0,1055.0,1120.0
2020-11-12,1120.0,1132.0,1088.0,1109.0
2020-11-13,1109.0,1113.0,1076.0,1087.0
2020-11-16,1092.0,1118.0,1087.0,1103.0
2020-11-17,1105.0,1107.0,1079.0,1099.0
2020-11-18,1102.0,1125.0,1096.0,1117.0
2020-11-19,1108.0,1121.0,1093.0,1120.0
2020-11-20,1120.0,1156.0,1114.0,1153.0
2020-11-24,1163.0,1169.0,1148.0,1163.0
2020-11-25,1164.0,1171.0,1133.0,1139.0
2020-11-26,1142.0,1166.0,1140.0,1153.0
2020-11-27,1153.0,1164.0,1133.0,1155.0
2020-11-30,1149.0,1155.0,1132.0,1139.0
2020-12-01,1139.0,1176.0,1136.0,1172.0
2020-12-02,1169.0,1177.0,1152.0,1170.0
2020-12-03,1168.0,1178.0,1145.0,1177.0
2020-12-04,1165.0,1169.0,1143.0,1156.0
2020-12-07,1171.0,1171.0,1133.0,1144.0
2020-12-08,1139.0,1152.0,1130.0,1138.0
2020-12-09,1149.0,1163.0,1136.0,1162.0
2020-12-10,1149.0,1151.0,1140.0,1147.0
2020-12-11,1140.0,1144.0,1132.0,1141.0
2020-12-14,1141.0,1150.0,1131.0,1131.0
2020-12-15,1136.0,1154.0,1132.0,1143.0
2020-12-16,1150.0,1154.0,1136.0,1146.0
2020-12-17,1150.0,1157.0,1137.0,1149.0
2020-12-18,1155.0,1155.0,1125.0,1142.0
2020-12-21,1150.0,1155.0,1131.0,1137.0
2020-12-22,1141.0,1149.0,1124.0,1140.0
2020-12-23,1140.0,1148.0,1129.0,1146.0
2020-12-24,1145.0,1149.0,1133.0,1149.0
2020-12-25,1149.0,1163.0,1138.0,1155.0
2020-12-28,1148.0,1164.0,1128.0,1131.0
2020-12-29,1143.0,1188.0,1143.0,1160.0
2020-12-30,1155.0,1177.0,1145.0,1167.0
2021-01-04,1184.0,1188.0,1168.0,1177.0
2021-01-05,1185.0,1186.0,1171.0,1175.0
2021-01-06,1180.0,1196.0,1175.0,1181.0
2021-01-07,1185.0,1197.0,1182.0,1191.0
2021-01-08,1193.0,1200.0,1182.0,1200.0
2021-01-12,1200.0,1208.0,1186.0,1207.0
2021-01-13,1205.0,1211.0,1194.0,1202.0
2021-01-14,1206.0,1209.0,1189.0,1205.0
2021-01-15,1205.0,1206.0,1191.0,1203.0
2021-01-18,1199.0,1203.0,1192.0,1198.0
2021-01-19,1198.0,1207.0,1192.0,1199.0
2021-01-20,1208.0,1232.0,1199.0,1227.0
2021-01-21,1230.0,1238.0,1209.0,1214.0
2021-01-22,1208.0,1214.0,1192.0,1195.0
2021-01-25,1213.0,1228.0,1203.0,1225.0
2021-01-26,1220.0,1228.0,1212.0,1228.0
2021-01-27,1224.0,1228.0,1216.0,1217.0
2021-01-28,1203.0,1214.0,1180.0,1185.0
2021-01-29,1192.0,1216.0,1192.0,1202.0
2021-02-01,1199.0,1208.0,1193.0,1203.0
2021-02-02,1205.0,1232.0,1196.0,1231.0
2021-02-03,1228.0,1230.0,1214.0,1223.0
2021-02-04,1222.0,1232.0,1216.0,1227.0
2021-02-05,1233.0,1241.0,1214.0,1217.0
2021-02-08,1218.0,1218.0,1175.0,1196.0
2021-02-09,1199.0,1200.0,1159.0,1164.0
2021-02-10,1164.0,1164.0,1123.0,1125.0
2021-02-12,1138.0,1168.0,1138.0,1156.0
2021-02-15,1161.0,1166.0,1152.0,1163.0
2021-02-16,1165.0,1165.0,1131.0,1140.0
2021-02-17,1141.0,1151.0,1140.0,1144.0
2021-02-18,1154.0,1154.0,1126.0,1127.0
2021-02-19,1124.0,1127.0,1112.0,1118.0
2021-02-22,1112.0,1123.0,1112.0,1115.0
2021-02-24,1114.0,1124.0,1109.0,1111.0
2021-02-25,1125.0,1135.0,1113.0,1131.0
2021-02-26,1120.0,1134.0,1111.0,1124.0
2021-03-01,1126.0,1133.0,1121.0,1128.0
2021-03-02,1142.0,1142.0,1128.0,1134.0
2021-03-03,1130.0,1130.0,1117.0,1127.0
2021-03-04,1124.0,1130.0,1112.0,1124.0
2021-03-05,1121.0,1126.0,1111.0,1123.0
2021-03-08,1134.0,1154.0,1130.0,1146.0
2021-03-09,1155.0,1156.0,1133.0,1140.0
2021-03-10,1140.0,1142.0,1116.0,1133.0
2021-03-11,1133.0,1158.0,1130.0,1153.0
2021-03-12,1145.0,1155.0,1141.0,1154.0
2021-03-15,1158.0,1165.0,1151.0,1165.0
2021-03-16,1166.0,1170.0,1161.0,1169.0
2021-03-17,1169.0,1199.0,1167.0,1199.0
2021-03-18,1199.0,1206.0,1182.0,1205.0
2021-03-19,1190.0,1229.0,1189.0,1229.0
2021-03-22,1229.0,1248.0,1221.0,1243.0
2021-03-23,1247.0,1247.0,1227.0,1234.0
2021-03-24,1237.0,1237.0,1185.0,1203.0
2021-03-25,1205.0,1232.0,1202.0,1232.0
2021-03-26,1230.0,1235.0,1218.0,1223.0
2021-03-29,1225.0,1228.0,1179.0,1192.0
2021-03-30,1171.0,1209.0,1159.0,1209.0
2021-03-31,1190.0,1207.0,1175.0,1176.0
2021-04-01,1177.0,1177.0,1149.0,1158.0
2021-04-02,1158.0,1158.0,1143.0,1152.0
2021-04-05,1146.0,1171.0,1138.0,1144.0
2021-04-06,1156.0,1156.0,1125.0,1139.0
2021-04-07,1127.0,1145.0,1118.0,1125.0
2021-04-08,1146.0,1147.0,1130.0,1137.0
2021-04-09,1140.0,1153.0,1131.0,1148.0
2021-04-12,1148.0,1149.0,1115.0,1115.0
2021-04-13,1117.0,1131.0,1112.0,1112.0
2021-04-14,1112.0,1129.0,1109.0,1120.0
2021-04-15,1120.0,1121.0,1112.0,1119.0
2021-04-16,1117.0,1129.0,1115.0,1118.0
2021-04-19,1119.0,1120.0,1111.0,1115.0
2021-04-20,1113.0,1113.0,1081.0,1084.0
2021-04-21,1078.0,1078.0,1052.0,1065.0
2021-04-22,1065.0,1071.0,1052.0,1064.0
2021-04-23,1064.0,1067.0,1055.0,1058.0
2021-04-26,1059.0,1060.0,1040.0,1040.0
2021-04-27,1041.0,1043.0,1028.0,1029.0
2021-04-28,1027.0,1029.0,1015.0,1016.0
2021-04-30,1016.0,1034.0,1012.0,1025.0
2021-05-06,1030.0,1046.0,1027.0,1042.0
2021-05-07,1052.0,1055.0,1042.0,1042.0
2021-05-10,1040.0,1041.0,1017.0,1022.0
2021-05-11,1017.0,1023.0,1002.0,1008.0
2021-05-12,1002.0,1014.0,992.0,995.0
2021-05-13,992.0,1002.0,987.0,988.0
2021-05-14,1003.0,1010.0,991.0,991.0
2021-05-17,1004.0,1004.0,985.0,988.0
2021-05-18,988.0,1006.0,982.0,1004.0
2021-05-19,1000.0,1007.0,992.0,998.0
2021-05-20,998.0,1009.0,997.0,1004.0
2021-05-21,1009.0,1012.0,998.0,1000.0
2021-05-24,1001.0,1010.0,998.0,1002.0
2021-05-25,1000.0,1000.0,993.0,995.0
2021-05-26,993.0,998.0,988.0,991.0
2021-05-27,990.0,990.0,965.0,965.0
2021-05-28,965.0,979.0,963.0,978.0
2021-05-31,978.0,978.0,957.0,957.0
2021-06-01,958.0,959.0,950.0,954.0
2021-06-02,954.0,979.0,951.0,971.0
2021-06-03,975.0,978.0,970.0,973.0
2021-06-04,977.0,981.0,971.0,975.0
2021-06-07,987.0,988.0,976.0,982.0
2021-06-08,985.0,999.0,978.0,997.0
2021-06-09,999.0,1010.0,996.0,1007.0
2021-06-10,1008.0,1008.0,997.0,1006.0
2021-06-11,1010.0,1010.0,995.0,997.0
2021-06-14,1010.0,1010.0,997.0,1009.0
2021-06-15,1007.0,1012.0,1000.0,1000.0
2021-06-16,1004.0,1015.0,1001.0,1012.0
2021-06-17,1016.0,1019.0,1009.0,1009.0
2021-06-18,1009.0,1010.0,991.0,991.0
2021-06-21,987.0,996.0,981.0,991.0
2021-06-22,1004.0,1009.0,999.0,1002.0
2021-06-23,1006.0,1010.0,998.0,1000.0
2021-06-24,997.0,999.0,991.0,996.0
2021-06-25,996.0,998.0,990.0,993.0
2021-06-28,999.0,1000.0,992.0,1000.0
2021-06-29,995.0,1007.0,991.0,993.0
2021-06-30,992.0,995.0,986.0,986.0
2021-07-01,987.0,988.0,983.0,984.0
2021-07-02,984.0,1006.0,984.0,1004.0
2021-07-05,1004.0,1009.0,1000.0,1001.0
2021-07-06,1001.0,1008.0,1001.0,1004.0
2021-07-07,1000.0,1010.0,1000.0,1000.0
2021-07-08,1003.0,1006.0,995.0,995.0
2021-07-09,993.0,1000.0,985.0,998.0
2021-07-12,1008.0,1012.0,1002.0,1012.0
2021-07-13,1010.0,1027.0,1009.0,1018.0
2021-07-14,1018.0,1030.0,1015.0,1030.0
2021-07-15,1030.0,1030.0,1018.0,1018.0
2021-07-16,1017.0,1025.0,1014.0,1018.0
2021-07-19,1018.0,1018.0,1009.0,1014.0
2021-07-20,1009.0,1009.0,1001.0,1002.0
2021-07-21,1018.0,1018.0,1007.0,1011.0
2021-07-26,1015.0,1021.0,1009.0,1015.0
2021-07-27,1018.0,1024.0,1009.0,1024.0
2021-07-28,1021.0,1021.0,1013.0,1019.0
2021-07-29,1023.0,1028.0,1013.0,1028.0
2021-07-30,1028.0,1028.0,1010.0,1015.0
2021-08-02,1020.0,1021.0,1008.0,1008.0
2021-08-03,1010.0,1012.0,999.0,1000.0
2021-08-04,1002.0,1006.0,998.0,1006.0
2021-08-05,1006.0,1019.0,1001.0,1016.0
2021-08-06,1008.0,1009.0,999.0,999.0
2021-08-10,1007.0,1051.0,1006.0,1038.0
2021-08-11,1035.0,1039.0,1011.0,1034.0
2021-08-12,1030.0,1045.0,1029.0,1045.0
2021-08-13,1047.0,1068.0,1043.0,1068.0
2021-08-16,1067.0,1067.0,1046.0,1046.0
2021-08-17,1050.0,1050.0,1030.0,1032.0
2021-08-18,1032.0,1058.0,1029.0,1058.0
2021-08-19,1057.0,1059.0,1018.0,1022.0
2021-08-20,1032.0,1052.0,1023.0,1030.0
2021-08-23,1027.0,1054.0,1027.0,1053.0
2021-08-24,1053.0,1069.0,1053.0,1068.0
2021-08-25,1063.0,1066.0,1049.0,1053.0
2021-08-26,1058.0,1076.0,1055.0,1076.0
2021-08-27,1076.0,1077.0,1065.0,1076.0
2021-08-30,1076.0,1094.0,1072.0,1094.0
2021-08-31,1090.0,1092.0,1060.0,1060.0
2021-09-01,1055.0,1085.0,1055.0,1085.0
2021-09-02,1080.0,1089.0,1075.0,1079.0
2021-09-03,1079.0,1093.0,1076.0,1089.0
2021-09-06,1092.0,1100.0,1089.0,1093.0
2021-09-07,1100.0,1102.0,1089.0,1097.0
2021-09-08,1099.0,1111.0,1095.0,1111.0
2021-09-09,1105.0,1110.0,1095.0,1109.0
2021-09-10,1106.0,1116.0,1100.0,1116.0
2021-09-13,1105.0,1135.0,1104.0,1135.0
2021-09-14,1135.0,1141.0,1108.0,1141.0
2021-09-15,1120.0,1121.0,1085.0,1090.0
2021-09-16,1100.0,1100.0,1055.0,1073.0
2021-09-17,1056.0,1064.0,1044.0,1054.0
2021-09-21,1043.0,1065.0,1028.0,1046.0
2021-09-22,1045.0,1059.0,1041.0,1045.0
2021-09-24,1055.0,1084.0,1055.0,1084.0
2021-09-27,1081.0,1084.0,1066.0,1072.0
2021-09-28,1077.0,1081.0,1058.0,1081.0
2021-09-29,1056.0,1071.0,1050.0,1065.0
2021-09-30,1064.0,1066.0,1056.0,1056.0
2021-10-01,1054.0,1054.0,1029.0,1031.0
2021-10-04,1035.0,1035.0,1009.0,1017.0
2021-10-05,1017.0,1029.0,1013.0,1018.0
2021-10-06,1030.0,1041.0,1022.0,1028.0
2021-10-07,1033.0,1034.0,1018.0,1021.0
2021-10-08,1039.0,1048.0,1033.0,1043.0
2021-10-11,1053.0,1069.0,1044.0,1069.0
2021-10-12,1070.0,1070.0,1050.0,1050.0
2021-10-13,1051.0,1052.0,1036.0,1039.0
2021-10-14,1040.0,1047.0,1031.0,1047.0
2021-10-15,1069.0,1069.0,1051.0,1069.0
2021-10-18,1076.0,1076.0,1045.0,1056.0
2021-10-19,1063.0,1070.0,1056.0,1070.0
2021-10-20,1070.0,1070.0,1055.0,1059.0
2021-10-21,1055.0,1064.0,1050.0,1061.0
2021-10-22,1057.0,1065.0,1053.0,1057.0
2021-10-25,1057.0,1059.0,1042.0,1043.0
2021-10-26,1052.0,1063.0,1052.0,1062.0
2021-10-27,1054.0,1054.0,1042.0,1045.0
2021-10-28,1046.0,1073.0,1046.0,1063.0
2021-10-29,1063.0,1064.0,1048.0,1060.0
2021-11-01,1062.0,1062.0,1040.0,1057.0
2021-11-02,1052.0,1070.0,1052.0,1068.0
2021-11-04,1067.0,1080.0,1065.0,1080.0
2021-11-05,1079.0,1079.0,1058.0,1060.0
2021-11-08,1110.0,1110.0,1091.0,1094.0
2021-11-09,1093.0,1095.0,1080.0,1081.0
2021-11-10,1080.0,1087.0,1073.0,1087.0
2021-11-11,1087.0,1090.0,1080.0,1080.0
2021-11-12,1081.0,1105.0,1081.0,1094.0
2021-11-15,1091.0,1108.0,1091.0,1104.0
2021-11-16,1106.0,1113.0,1104.0,1109.0
2021-11-17,1109.0,1109.0,1087.0,1087.0
2021-11-18,1099.0,1099.0,1084.0,1087.0
2021-11-19,1086.0,1086.0,1070.0,1076.0
2021-11-22,1078.0,1101.0,1076.0,1101.0
2021-11-24,1101.0,1108.0,1088.0,1088.0
2021-11-25,1082.0,1105.0,1082.0,1103.0
2021-11-26,1108.0,1108.0,1083.0,1086.0
2021-11-29,1071.0,1094.0,1065.0,1073.0
2021-11-30,1074.0,1100.0,1038.0,1038.0
2021-12-01,1068.0,1071.0,1045.0,1059.0
2021-12-02,1055.0,1080.0,1055.0,1068.0
2021-12-03,1070.0,1075.0,1055.0,1068.0
2021-12-06,1068.0,1090.0,1067.0,1068.0
2021-12-07,1086.0,1106.0,1086.0,1106.0
2021-12-08,1105.0,1109.0,1092.0,1106.0
2021-12-09,1102.0,1105.0,1084.0,1105.0
2021-12-10,1100.0,1103.0,1069.0,1077.0
2021-12-13,1099.0,1099.0,1081.0,1092.0
2021-12-14,1098.0,1098.0,1081.0,1086.0
2021-12-15,1086.0,1099.0,1086.0,1097.0
2021-12-16,1097.0,1121.0,1097.0,1121.0
2021-12-17,1121.0,1121.0,1091.0,1096.0
2021-12-20,1090.0,1090.0,1065.0,1065.0
2021-12-21,1084.0,1092.0,1066.0,1088.0
2021-12-22,1099.0,1106.0,1090.0,1100.0
2021-12-23,1110.0,1110.0,1096.0,1107.0
2021-12-24,1110.0,1110.0,1102.0,1107.0
2021-12-27,1110.0,1117.0,1100.0,1114.0
2021-12-28,1120.0,1123.0,1114.0,1122.0
2021-12-29,1114.0,1137.0,1114.0,1137.0
2021-12-30,1139.0,1143.0,1128.0,1136.0
2022-01-04,1138.0,1149.0,1126.0,1138.0
2022-01-05,1138.0,1139.0,1123.0,1128.0
2022-01-06,1121.0,1124.0,1107.0,1108.0
2022-01-07,1116.0,1125.0,1095.0,1095.0
2022-01-11,1099.0,1101.0,1084.0,1099.0
2022-01-12,1113.0,1139.0,1105.0,1139.0
2022-01-13,1138.0,1138.0,1115.0,1115.0
2022-01-14,1112.0,1131.0,1101.0,1126.0
2022-01-17,1140.0,1159.0,1139.0,1142.0
2022-01-18,1137.0,1146.0,1122.0,1122.0
2022-01-19,1118.0,1126.0,1082.0,1082.0
2022-01-20,1083.0,1113.0,1075.0,1076.0
2022-01-21,1076.0,1097.0,1069.0,1093.0
2022-01-24,1094.0,1108.0,1091.0,1102.0
2022-01-25,1100.0,1100.0,1064.0,1064.0
2022-01-26,1074.0,1090.0,1073.0,1077.0
2022-01-27,1084.0,1084.0,1045.0,1045.0
2022-01-28,1070.0,1075.0,1062.0,1073.0
2022-01-31,1075.0,1087.0,1073.0,1086.0
2022-02-01,1086.0,1103.0,1079.0,1083.0
2022-02-02,1092.0,1117.0,1089.0,1114.0
2022-02-03,1117.0,1123.0,1109.0,1109.0
2022-02-04,1125.0,1135.0,1108.0,1117.0
2022-02-07,1100.0,1102.0,1064.0,1064.0
2022-02-08,1072.0,1078.0,1035.0,1035.0
2022-02-09,1036.0,1051.0,1031.0,1034.0
2022-02-10,1036.0,1049.0,1034.0,1039.0
2022-02-14,1039.0,1045.0,1032.0,1040.0
2022-02-15,1040.0,1048.0,1010.0,1012.0
2022-02-16,1026.0,1031.0,1013.0,1025.0
2022-02-17,1025.0,1029.0,1010.0,1021.0
2022-02-18,1016.0,1025.0,1012.0,1024.0
2022-02-21,1012.0,1014.0,997.0,1007.0
2022-02-22,1000.0,1019.0,998.0,1019.0
2022-02-24,1022.0,1041.0,1018.0,1037.0
2022-02-25,1047.0,1047.0,1028.0,1037.0
2022-02-28,1042.0,1049.0,1035.0,1037.0
2022-03-01,1047.0,1065.0,1039.0,1052.0
2022-03-02,1043.0,1043.0,999.0,999.0
2022-03-03,1001.0,1011.0,994.0,995.0
2022-03-04,1002.0,1002.0,980.0,997.0
2022-03-07,984.0,991.0,959.0,969.0
2022-03-08,961.0,980.0,954.0,961.0
2022-03-09,961.0,972.0,922.0,931.0
2022-03-10,950.0,954.0,929.0,954.0
2022-03-11,943.0,953.0,932.0,943.0
2022-03-14,948.0,959.0,938.0,955.0
2022-03-15,965.0,965.0,949.0,952.0
2022-03-16,958.0,970.0,949.0,955.0
2022-03-17,970.0,971.0,950.0,955.0
2022-03-18,958.0,966.0,953.0,964.0
2022-03-22,969.0,976.0,962.0,963.0
2022-03-23,970.0,989.0,970.0,982.0
2022-03-24,977.0,989.0,971.0,985.0
2022-03-25,990.0,995.0,981.0,994.0
2022-03-28,994.0,994.0,983.0,991.0
2022-03-29,991.0,997.0,980.0,990.0
2022-03-30,960.0,970.0,951.0,959.0
2022-03-31,949.0,953.0,945.0,945.0
2022-04-01,937.0,958.0,933.0,954.0
2022-04-04,954.0,962.0,952.0,957.0
2022-04-05,967.0,968.0,957.0,966.0
2022-04-06,966.0,968.0,959.0,963.0
2022-04-07,959.0,959.0,943.0,944.0
2022-04-08,948.0,963.0,947.0,963.0
2022-04-11,964.0,964.0,948.0,952.0
2022-04-12,945.0,950.0,941.0,941.0
2022-04-13,944.0,954.0,944.0,954.0
2022-04-14,954.0,958.0,943.0,947.0
2022-04-15,949.0,955.0,946.0,950.0
2022-04-18,945.0,962.0,945.0,960.0
2022-04-19,963.0,968.0,958.0,967.0
2022-04-20,965.0,973.0,965.0,967.0
2022-04-21,969.0,977.0,967.0,974.0
2022-04-22,973.0,975.0,963.0,970.0
2022-04-25,955.0,961.0,954.0,956.0
2022-04-26,955.0,958.0,953.0,953.0
2022-04-27,950.0,968.0,937.0,968.0
2022-04-28,967.0,991.0,959.0,987.0
2022-05-02,975.0,990.0,972.0,988.0
2022-05-06,980.0,984.0,971.0,978.0
2022-05-09,978.0,978.0,950.0,950.0
2022-05-10,940.0,964.0,935.0,964.0
2022-05-11,964.0,965.0,951.0,955.0
2022-05-12,950.0,957.0,943.0,948.0
2022-05-13,944.0,962.0,943.0,953.0
2022-05-16,949.0,955.0,941.0,943.0
2022-05-17,943.0,952.0,940.0,947.0
2022-05-18,942.0,946.0,939.0,946.0
2022-05-19,937.0,949.0,936.0,947.0
2022-05-20,940.0,964.0,940.0,964.0
2022-05-23,967.0,968.0,959.0,968.0
2022-05-24,966.0,969.0,954.0,954.0
2022-05-25,955.0,965.0,950.0,961.0
2022-05-26,959.0,975.0,959.0,961.0
2022-05-27,973.0,975.0,959.0,975.0
2022-05-30,978.0,1002.0,971.0,1002.0
2022-05-31,978.0,991.0,975.0,983.0
2022-06-01,981.0,990.0,980.0,988.0
2022-06-02,988.0,988.0,975.0,979.0
2022-06-03,980.0,986.0,974.0,979.0
2022-06-06,980.0,980.0,968.0,973.0
2022-06-07,979.0,983.0,975.0,981.0
2022-06-08,984.0,984.0,976.0,983.0
2022-06-09,983.0,987.0,980.0,987.0
2022-06-10,990.0,990.0,964.0,964.0
2022-06-13,956.0,965.0,955.0,956.0
2022-06-14,950.0,957.0,949.0,949.0
2022-06-15,949.0,957.0,943.0,943.0
2022-06-16,943.0,955.0,941.0,942.0
2022-06-17,940.0,946.0,935.0,936.0
2022-06-20,955.0,955.0,936.0,940.0
2022-06-21,944.0,952.0,934.0,940.0
2022-06-22,945.0,949.0,941.0,946.0
2022-06-23,948.0,955.0,942.0,943.0
2022-06-24,945.0,952.0,944.0,950.0
2022-06-27,960.0,960.0,952.0,955.0
2022-06-28,961.0,967.0,954.0,960.0
2022-06-29,955.0,990.0,955.0,990.0
2022-06-30,978.0,981.0,962.0,962.0
2022-07-01,962.0,962.0,947.0,952.0
2022-07-04,972.0,972.0,957.0,969.0
2022-07-05,978.0,978.0,970.0,972.0
2022-07-06,976.0,980.0,969.0,976.0
2022-07-07,976.0,982.0,971.0,973.0
2022-07-08,983.0,987.0,968.0,968.0
2022-07-11,972.0,988.0,972.0,988.0
2022-07-12,987.0,987.0,974.0,977.0
2022-07-13,982.0,990.0,977.0,990.0
2022-07-14,984.0,989.0,980.0,988.0
2022-07-15,990.0,990.0,976.0,976.0
2022-07-19,987.0,987.0,977.0,983.0
2022-07-20,987.0,991.0,982.0,990.0
2022-07-21,993.0,993.0,982.0,993.0
2022-07-22,995.0,996.0,991.0,994.0
2022-07-25,990.0,993.0,986.0,991.0
2022-07-26,989.0,996.0,984.0,988.0
2022-07-27,989.0,993.0,985.0,990.0
2022-07-28,994.0,998.0,984.0,998.0
2022-07-29,999.0,999.0,984.0,988.0
2022-08-01,997.0,997.0,981.0,990.0
2022-08-02,990.0,990.0,980.0,980.0
2022-08-03,985.0,985.0,975.0,975.0
2022-08-04,978.0,979.0,973.0,976.0
2022-08-05,970.0,978.0,968.0,970.0
2022-08-08,978.0,978.0,970.0,973.0
2022-08-09,970.0,974.0,952.0,952.0
2022-08-10,953.0,956.0,950.0,951.0
2022-08-12,960.0,960.0,952.0,954.0
2022-08-15,960.0,960.0,952.0,955.0
2022-08-16,954.0,956.0,951.0,951.0
2022-08-17,952.0,959.0,952.0,952.0
2022-08-18,952.0,953.0,950.0,951.0
2022-08-19,955.0,955.0,950.0,950.0
2022-08-22,952.0,952.0,947.0,947.0
2022-08-23,944.0,948.0,941.0,947.0
2022-08-24,951.0,951.0,942.0,942.0
2022-08-25,943.0,950.0,943.0,950.0
2022-08-26,950.0,954.0,950.0,954.0
2022-08-29,945.0,955.0,943.0,947.0
2022-08-30,945.0,950.0,945.0,945.0
2022-08-31,944.0,945.0,941.0,941.0
2022-09-01,940.0,941.0,931.0,931.0
2022-09-02,932.0,932.0,930.0,932.0
2022-09-05,932.0,937.0,930.0,933.0
2022-09-06,935.0,937.0,931.0,932.0
2022-09-07,930.0,932.0,926.0,926.0
2022-09-08,929.0,930.0,924.0,924.0
2022-09-09,923.0,926.0,905.0,907.0
2022-09-12,911.0,917.0,907.0,908.0
2022-09-13,909.0,910.0,906.0,906.0
2022-09-14,901.0,901.0,895.0,895.0
2022-09-15,896.0,896.0,890.0,892.0
2022-09-16,890.0,894.0,888.0,892.0
2022-09-20,897.0,908.0,897.0,907.0
2022-09-21,907.0,914.0,902.0,913.0
2022-09-22,913.0,920.0,909.0,919.0
2022-09-26,911.0,917.0,904.0,904.0
2022-09-27,911.0,918.0,909.0,913.0
2022-09-28,906.0,908.0,881.0,892.0
2022-09-29,890.0,893.0,873.0,883.0
2022-09-30,880.0,881.0,840.0,840.0
2022-10-03,835.0,855.0,826.0,855.0
2022-10-04,868.0,878.0,859.0,877.0
2022-10-05,887.0,895.0,879.0,891.0
2022-10-06,885.0,895.0,882.0,887.0
2022-10-07,887.0,906.0,883.0,906.0
2022-10-11,891.0,908.0,881.0,888.0
2022-10-12,880.0,880.0,854.0,862.0
2022-10-13,850.0,850.0,827.0,829.0
2022-10-14,840.0,841.0,830.0,840.0
2022-10-17,835.0,841.0,830.0,836.0
2022-10-18,837.0,844.0,834.0,844.0
2022-10-19,843.0,855.0,837.0,852.0
2022-10-20,844.0,850.0,835.0,843.0
2022-10-21,836.0,839.0,833.0,834.0
2022-10-24,836.0,837.0,827.0,828.0
2022-10-25,832.0,833.0,821.0,830.0
2022-10-26,827.0,839.0,827.0,836.0
2022-10-27,835.0,836.0,826.0,826.0
2022-10-28,824.0,834.0,823.0,833.0
2022-10-31,835.0,842.0,832.0,839.0
2022-11-01,841.0,844.0,834.0,838.0
2022-11-02,840.0,847.0,837.0,841.0
2022-11-04,840.0,840.0,824.0,826.0
2022-11-07,830.0,831.0,822.0,823.0
2022-11-08,823.0,836.0,822.0,836.0
2022-11-09,836.0,843.0,835.0,839.0
2022-11-10,835.0,839.0,831.0,831.0
2022-11-11,833.0,854.0,833.0,853.0
2022-11-14,853.0,859.0,846.0,851.0
2022-11-15,846.0,850.0,841.0,847.0
2022-11-16,845.0,846.0,837.0,846.0
2022-11-17,846.0,848.0,843.0,848.0
2022-11-18,848.0,858.0,847.0,855.0
2022-11-21,855.0,860.0,852.0,859.0
2022-11-22,859.0,870.0,859.0,870.0
2022-11-24,870.0,877.0,869.0,877.0
2022-11-25,876.0,884.0,874.0,884.0
2022-11-28,888.0,888.0,883.0,888.0
2022-11-29,885.0,885.0,870.0,870.0
2022-11-30,870.0,870.0,860.0,860.0
2022-12-01,865.0,866.0,857.0,864.0
2022-12-02,859.0,859.0,846.0,848.0
2022-12-05,849.0,851.0,846.0,847.0
2022-12-06,847.0,849.0,841.0,841.0
2022-12-07,840.0,848.0,840.0,844.0
2022-12-08,844.0,852.0,835.0,849.0
2022-12-09,845.0,852.0,845.0,849.0
2022-12-12,849.0,860.0,848.0,855.0
2022-12-13,858.0,862.0,849.0,849.0
2022-12-14,850.0,857.0,850.0,857.0
2022-12-15,854.0,863.0,854.0,862.0
2022-12-16,856.0,865.0,856.0,865.0
2022-12-19,860.0,871.0,860.0,864.0
2022-12-20,869.0,869.0,854.0,860.0
2022-12-21,860.0,885.0,860.0,881.0
2022-12-22,881.0,882.0,860.0,865.0
2022-12-23,862.0,872.0,861.0,866.0
2022-12-26,870.0,879.0,870.0,878.0
2022-12-27,878.0,879.0,864.0,867.0
2022-12-28,866.0,866.0,849.0,860.0
2022-12-29,860.0,872.0,852.0,870.0
2022-12-30,871.0,886.0,865.0,883.0
2023-01-04,886.0,886.0,871.0,872.0
2023-01-05,875.0,875.0,867.0,870.0
2023-01-06,870.0,872.0,868.0,871.0
2023-01-10,875.0,891.0,874.0,890.0
2023-01-11,886.0,897.0,886.0,896.0
2023-01-12,893.0,893.0,871.0,871.0
2023-01-13,870.0,881.0,869.0,873.0
2023-01-16,873.0,873.0,863.0,864.0
2023-01-17,863.0,864.0,854.0,862.0
2023-01-18,864.0,871.0,862.0,869.0
2023-01-19,869.0,869.0,861.0,862.0
2023-01-20,862.0,871.0,858.0,863.0
2023-01-23,874.0,874.0,862.0,869.0
2023-01-24,869.0,877.0,866.0,874.0
2023-01-25,870.0,875.0,870.0,875.0
2023-01-26,876.0,878.0,871.0,875.0
2023-01-27,870.0,877.0,868.0,877.0
2023-01-30,877.0,886.0,876.0,886.0
2023-01-31,888.0,894.0,884.0,891.0
2023-02-01,895.0,895.0,885.0,885.0
2023-02-02,884.0,886.0,877.0,878.0
2023-02-03,884.0,884.0,877.0,877.0
2023-02-06,876.0,880.0,870.0,870.0
2023-02-07,871.0,897.0,870.0,883.0
2023-02-08,883.0,890.0,881.0,889.0
2023-02-09,887.0,901.0,887.0,891.0
2023-02-10,889.0,898.0,889.0,895.0
2023-02-13,893.0,897.0,885.0,887.0
2023-02-14,885.0,890.0,885.0,887.0
2023-02-15,885.0,890.0,881.0,881.0
2023-02-16,885.0,888.0,880.0,884.0
2023-02-17,887.0,890.0,882.0,884.0
2023-02-20,884.0,887.0,881.0,881.0
2023-02-21,881.0,888.0,881.0,886.0
2023-02-22,881.0,886.0,878.0,880.0
2023-02-24,885.0,886.0,882.0,883.0
2023-02-27,889.0,892.0,885.0,889.0
2023-02-28,839.0,848.0,831.0,831.0
2023-03-01,825.0,832.0,818.0,822.0
2023-03-02,818.0,823.0,817.0,822.0
2023-03-03,822.0,822.0,812.0,812.0
2023-03-06,807.0,808.0,801.0,803.0
2023-03-07,801.0,804.0,800.0,804.0
2023-03-08,802.0,817.0,802.0,816.0
2023-03-09,816.0,820.0,815.0,820.0
2023-03-10,815.0,820.0,813.0,813.0
2023-03-13,808.0,809.0,801.0,804.0
2023-03-14,800.0,801.0,782.0,784.0
2023-03-15,791.0,791.0,777.0,777.0
2023-03-16,769.0,769.0,756.0,759.0
2023-03-17,760.0,767.0,750.0,758.0
2023-03-20,751.0,751.0,721.0,726.0
2023-03-22,730.0,739.0,729.0,736.0
2023-03-23,730.0,730.0,723.0,725.0
2023-03-24,723.0,723.0,708.0,714.0
2023-03-27,717.0,721.0,712.0,715.0
2023-03-28,717.0,717.0,707.0,708.0
2023-03-29,712.0,714.0,703.0,710.0
2023-03-30,684.0,694.0,680.0,680.0
2023-03-31,682.0,696.0,682.0,695.0
2023-04-03,696.0,698.0,690.0,696.0
2023-04-04,695.0,703.0,685.0,703.0
2023-04-05,703.0,715.0,694.0,715.0
2023-04-06,708.0,711.0,702.0,709.0
2023-04-07,708.0,708.0,693.0,693.0
2023-04-10,691.0,693.0,682.0,686.0
2023-04-11,690.0,693.0,684.0,687.0
2023-04-12,685.0,694.0,685.0,690.0
2023-04-13,687.0,690.0,685.0,687.0
2023-04-14,688.0,689.0,681.0,682.0
2023-04-17,682.0,684.0,671.0,673.0
2023-04-18,673.0,682.0,673.0,680.0
2023-04-19,678.0,680.0,674.0,676.0
2023-04-20,675.0,684.0,675.0,682.0
2023-04-21,678.0,681.0,673.0,673.0
2023-04-24,673.0,675.0,671.0,671.0
2023-04-25,672.0,673.0,666.0,669.0
2023-04-26,667.0,667.0,663.0,665.0
2023-04-27,663.0,664.0,658.0,658.0
2023-04-28,661.0,670.0,661.0,670.0
2023-05-01,670.0,675.0,667.0,669.0
2023-05-02,670.0,670.0,661.0,668.0
2023-05-08,665.0,675.0,665.0,672.0
2023-05-09,650.0,655.0,627.0,629.0
2023-05-10,629.0,629.0,604.0,604.0
2023-05-11,603.0,609.0,597.0,602.0
2023-05-12,600.0,600.0,575.0,580.0
2023-05-15,580.0,587.0,574.0,586.0
2023-05-16,585.0,589.0,581.0,586.0
2023-05-17,583.0,583.0,573.0,573.0
2023-05-18,575.0,576.0,561.0,561.0
2023-05-19,565.0,572.0,563.0,569.0
2023-05-22,570.0,576.0,570.0,572.0
2023-05-23,572.0,574.0,561.0,564.0
2023-05-24,561.0,569.0,561.0,566.0
2023-05-25,563.0,564.0,556.0,556.0
2023-05-26,558.0,558.0,537.0,539.0
2023-05-29,540.0,541.0,533.0,533.0
2023-05-30,532.0,535.0,522.0,525.0
2023-05-31,522.0,524.0,510.0,512.0
2023-06-01,514.0,520.0,512.0,515.0
2023-06-02,516.0,532.0,513.0,527.0
2023-06-05,537.0,545.0,534.0,541.0
2023-06-06,542.0,550.0,539.0,550.0
2023-06-07,550.0,571.0,550.0,564.0
2023-06-08,560.0,567.0,550.0,555.0
2023-06-09,557.0,571.0,556.0,570.0
2023-06-12,574.0,587.0,573.0,582.0
2023-06-13,586.0,586.0,576.0,576.0
2023-06-14,578.0,578.0,566.0,566.0
2023-06-15,566.0,572.0,563.0,568.0
2023-06-16,571.0,579.0,567.0,578.0
2023-06-19,575.0,578.0,570.0,574.0
2023-06-20,573.0,574.0,564.0,570.0
2023-06-21,569.0,574.0,567.0,568.0
2023-06-22,567.0,570.0,563.0,563.0
2023-06-23,566.0,569.0,556.0,561.0
2023-06-26,561.0,563.0,556.0,556.0
2023-06-27,556.0,556.0,552.0,553.0
2023-06-28,554.0,560.0,553.0,557.0
2023-06-29,558.0,563.0,558.0,560.0
2023-06-30,560.0,563.0,558.0,563.0
2023-07-03,565.0,569.0,562.0,563.0
2023-07-04,564.0,574.0,564.0,572.0
2023-07-05,572.0,578.0,567.0,577.0
2023-07-06,575.0,578.0,570.0,570.0
2023-07-07,568.0,578.0,565.0,574.0
2023-07-10,574.0,576.0,570.0,570.0
2023-07-11,574.0,576.0,571.0,572.0
2023-07-12,574.0,574.0,563.0,563.0
2023-07-13,563.0,567.0,563.0,565.0
2023-07-14,565.0,568.0,559.0,559.0
2023-07-18,556.0,560.0,554.0,556.0
2023-07-19,558.0,565.0,558.0,564.0
2023-07-20,567.0,568.0,563.0,563.0
2023-07-21,564.0,567.0,560.0,562.0
2023-07-24,562.0,570.0,562.0,564.0
2023-07-25,564.0,568.0,564.0,566.0
2023-07-26,565.0,572.0,565.0,571.0
2023-07-27,571.0,582.0,571.0,576.0
2023-07-28,573.0,573.0,563.0,571.0
2023-07-31,572.0,574.0,567.0,571.0
2023-08-01,572.0,574.0,569.0,573.0
2023-08-02,570.0,570.0,564.0,564.0
2023-08-03,564.0,564.0,556.0,556.0
2023-08-04,556.0,560.0,556.0,556.0
2023-08-07,561.0,568.0,561.0,567.0
2023-08-08,567.0,567.0,560.0,561.0
2023-08-09,560.0,561.0,557.0,557.0
2023-08-10,558.0,564.0,557.0,562.0
2023-08-14,564.0,564.0,559.0,560.0
2023-08-15,560.0,561.0,558.0,560.0
2023-08-16,560.0,560.0,556.0,556.0
2023-08-17,555.0,557.0,553.0,553.0
2023-08-18,553.0,557.0,551.0,554.0
2023-08-21,552.0,557.0,552.0,555.0
2023-08-22,555.0,559.0,555.0,556.0
2023-08-23,555.0,563.0,555.0,561.0
2023-08-24,562.0,568.0,561.0,566.0
2023-08-25,561.0,569.0,560.0,566.0
2023-08-28,564.0,569.0,564.0,564.0
2023-08-29,568.0,569.0,563.0,567.0
2023-08-30,568.0,574.0,568.0,570.0
2023-08-31,567.0,570.0,566.0,567.0
2023-09-01,567.0,569.0,566.0,569.0
2023-09-04,567.0,574.0,566.0,572.0
2023-09-05,570.0,574.0,568.0,574.0
2023-09-06,574.0,577.0,573.0,577.0
2023-09-07,574.0,577.0,573.0,574.0
2023-09-08,572.0,575.0,571.0,571.0
2023-09-11,571.0,573.0,569.0,573.0
2023-09-12,570.0,574.0,570.0,573.0
2023-09-13,571.0,575.0,571.0,574.0
2023-09-14,574.0,575.0,570.0,571.0
2023-09-15,571.0,574.0,570.0,572.0
2023-09-19,572.0,575.0,570.0,575.0
2023-09-20,572.0,574.0,568.0,568.0
2023-09-21,567.0,571.0,566.0,568.0
2023-09-22,567.0,569.0,565.0,567.0
2023-09-25,568.0,571.0,567.0,567.0
2023-09-26,568.0,569.0,565.0,567.0
2023-09-27,566.0,572.0,566.0,572.0
2023-09-28,568.0,571.0,565.0,566.0
2023-09-29,565.0,566.0,563.0,566.0
2023-10-02,564.0,568.0,560.0,560.0
2023-10-03,560.0,560.0,553.0,554.0
2023-10-04,551.0,554.0,539.0,539.0
2023-10-05,541.0,554.0,541.0,548.0
2023-10-06,547.0,554.0,547.0,550.0
2023-10-10,552.0,556.0,551.0,552.0
2023-10-11,551.0,551.0,547.0,547.0
2023-10-12,547.0,548.0,546.0,546.0
2023-10-13,546.0,546.0,538.0,539.0
2023-10-16,538.0,538.0,531.0,531.0
2023-10-17,535.0,537.0,530.0,530.0
2023-10-18,530.0,542.0,530.0,540.0
2023-10-19,531.0,539.0,531.0,533.0
2023-10-20,532.0,534.0,529.0,530.0
2023-10-23,528.0,531.0,523.0,525.0
2023-10-24,525.0,530.0,517.0,528.0
2023-10-25,528.0,530.0,524.0,525.0
2023-10-26,525.0,526.0,517.0,518.0
2023-10-27,518.0,529.0,518.0,529.0
2023-10-30,525.0,528.0,511.0,511.0
2023-10-31,514.0,520.0,509.0,519.0
2023-11-01,519.0,524.0,517.0,518.0
2023-11-02,518.0,523.0,518.0,521.0
2023-11-06,525.0,526.0,521.0,522.0
2023-11-07,524.0,524.0,519.0,522.0
2023-11-08,523.0,529.0,518.0,529.0
2023-11-09,523.0,532.0,523.0,531.0
2023-11-10,523.0,530.0,523.0,530.0
2023-11-13,527.0,527.0,521.0,524.0
2023-11-14,522.0,523.0,518.0,519.0
2023-11-15,522.0,522.0,516.0,519.0
2023-11-16,518.0,520.0,513.0,515.0
2023-11-17,514.0,524.0,514.0,524.0
2023-11-20,522.0,531.0,522.0,527.0
2023-11-21,527.0,538.0,527.0,536.0
2023-11-22,533.0,538.0,533.0,534.0
2023-11-24,532.0,536.0,532.0,532.0
2023-11-27,533.0,535.0,531.0,534.0
2023-11-28,534.0,534.0,530.0,531.0
2023-11-29,533.0,534.0,530.0,530.0
2023-11-30,530.0,531.0,527.0,527.0
2023-12-01,528.0,528.0,525.0,528.0
2023-12-04,526.0,527.0,524.0,525.0
2023-12-05,524.0,526.0,522.0,522.0
2023-12-06,522.0,525.0,520.0,520.0
2023-12-07,520.0,520.0,513.0,513.0
2023-12-08,514.0,515.0,507.0,508.0
2023-12-11,510.0,512.0,507.0,508.0
2023-12-12,510.0,510.0,504.0,504.0
2023-12-13,504.0,507.0,502.0,504.0
2023-12-14,506.0,506.0,501.0,501.0
2023-12-15,502.0,508.0,502.0,508.0
2023-12-18,505.0,505.0,495.0,499.0
2023-12-19,499.0,499.0,493.0,495.0
2023-12-20,497.0,503.0,497.0,500.0
2023-12-21,498.0,502.0,497.0,498.0
2023-12-22,500.0,502.0,498.0,499.0
2023-12-25,500.0,501.0,495.0,495.0
2023-12-26,496.0,496.0,484.0,484.0
2023-12-27,482.0,487.0,482.0,484.0
2023-12-28,486.0,511.0,486.0,510.0
2023-12-29,510.0,519.0,510.0,516.0
2024-01-04,516.0,538.0,514.0,538.0
2024-01-05,537.0,537.0,524.0,526.0
2024-01-09,530.0,539.0,527.0,528.0
2024-01-10,530.0,530.0,521.0,528.0
2024-01-11,528.0,530.0,522.0,526.0
2024-01-12,525.0,525.0,515.0,519.0
2024-01-15,518.0,521.0,518.0,520.0
2024-01-16,518.0,521.0,514.0,517.0
2024-01-17,519.0,519.0,514.0,514.0
2024-01-18,515.0,518.0,513.0,515.0
2024-01-19,515.0,518.0,510.0,510.0
2024-01-22,513.0,523.0,513.0,521.0
2024-01-23,524.0,526.0,519.0,519.0
2024-01-24,517.0,522.0,517.0,520.0
2024-01-25,523.0,525.0,520.0,524.0
2024-01-26,524.0,530.0,523.0,523.0
2024-01-29,527.0,532.0,527.0,530.0
2024-01-30,533.0,533.0,520.0,520.0
2024-01-31,523.0,526.0,518.0,523.0
2024-02-01,521.0,524.0,518.0,518.0
2024-02-02,517.0,524.0,517.0,520.0
2024-02-05,522.0,528.0,519.0,525.0
2024-02-06,526.0,541.0,526.0,532.0
2024-02-07,534.0,536.0,529.0,533.0
2024-02-08,532.0,543.0,532.0,538.0
2024-02-09,536.0,542.0,528.0,528.0
2024-02-13,528.0,531.0,524.0,528.0
2024-02-14,525.0,525.0,519.0,520.0
2024-02-15,520.0,522.0,516.0,517.0
2024-02-16,516.0,523.0,516.0,521.0
2024-02-19,522.0,538.0,522.0,535.0
2024-02-20,535.0,539.0,531.0,532.0
2024-02-21,528.0,534.0,526.0,530.0
2024-02-22,530.0,532.0,526.0,532.0
2024-02-26,532.0,535.0,528.0,528.0
2024-02-27,529.0,535.0,529.0,535.0
2024-02-28,535.0,545.0,535.0,541.0
2024-02-29,542.0,546.0,537.0,541.0
2024-03-01,541.0,545.0,536.0,537.0
2024-03-04,537.0,539.0,533.0,533.0
2024-03-05,531.0,534.0,529.0,533.0
2024-03-06,533.0,542.0,530.0,536.0
2024-03-07,536.0,539.0,531.0,533.0
2024-03-08,532.0,534.0,528.0,532.0
2024-03-11,531.0,533.0,524.0,525.0
2024-03-12,525.0,529.0,525.0,526.0
2024-03-13,527.0,532.0,527.0,527.0
2024-03-14,526.0,533.0,526.0,532.0
2024-03-15,532.0,535.0,531.0,533.0
2024-03-18,532.0,538.0,532.0,537.0
2024-03-19,538.0,542.0,535.0,541.0
2024-03-21,542.0,549.0,542.0,546.0
2024-03-22,546.0,547.0,543.0,545.0
2024-03-25,545.0,549.0,542.0,542.0
2024-03-26,542.0,543.0,539.0,539.0
2024-03-27,538.0,541.0,537.0,539.0
2024-03-28,506.0,514.0,505.0,508.0
2024-03-29,508.0,514.0,508.0,510.0
2024-04-01,508.0,509.0,502.0,504.0
2024-04-02,503.0,505.0,501.0,501.0
2024-04-03,501.0,505.0,500.0,502.0
2024-04-04,501.0,501.0,497.0,498.0
2024-04-05,496.0,497.0,491.0,495.0
2024-04-08,496.0,496.0,488.0,488.0
2024-04-09,489.0,492.0,489.0,491.0
2024-04-10,490.0,492.0,489.0,489.0
2024-04-11,489.0,496.0,488.0,496.0
2024-04-12,497.0,498.0,493.0,493.0
2024-04-15,491.0,492.0,489.0,489.0
2024-04-16,489.0,489.0,484.0,484.0
2024-04-17,484.0,485.0,481.0,481.0
2024-04-18,481.0,486.0,481.0,484.0
2024-04-19,482.0,485.0,480.0,484.0
2024-04-22,485.0,493.0,485.0,493.0
2024-04-23,492.0,494.0,489.0,489.0
2024-04-24,489.0,490.0,487.0,488.0
2024-04-25,486.0,488.0,482.0,483.0
2024-04-26,483.0,484.0,480.0,481.0
2024-04-30,482.0,488.0,482.0,486.0
2024-05-01,486.0,492.0,485.0,490.0
2024-05-02,490.0,492.0,487.0,488.0
2024-05-07,490.0,491.0,487.0,490.0
2024-05-08,491.0,493.0,488.0,488.0
2024-05-09,493.0,500.0,490.0,500.0
2024-05-10,469.0,469.0,445.0,445.0
2024-05-13,445.0,449.0,436.0,436.0
2024-05-14,433.0,443.0,432.0,441.0
2024-05-15,440.0,440.0,428.0,428.0
2024-05-16,428.0,428.0,415.0,419.0
2024-05-17,418.0,429.0,418.0,424.0
2024-05-20,427.0,429.0,420.0,421.0
2024-05-21,425.0,425.0,414.0,414.0
2024-05-22,415.0,415.0,409.0,410.0
2024-05-23,409.0,409.0,402.0,407.0
2024-05-24,403.0,409.0,403.0,407.0
2024-05-27,407.0,407.0,401.0,404.0
2024-05-28,406.0,414.0,406.0,412.0
2024-05-29,414.0,414.0,401.0,401.0
2024-05-30,401.0,404.0,398.0,401.0
2024-05-31,403.0,411.0,403.0,411.0
2024-06-03,411.0,412.0,406.0,407.0
2024-06-04,409.0,416.0,409.0,412.0
2024-06-05,412.0,417.0,411.0,417.0
2024-06-06,417.0,417.0,411.0,413.0
2024-06-07,415.0,415.0,412.0,413.0
2024-06-10,412.0,418.0,411.0,415.0
2024-06-11,415.0,419.0,415.0,419.0
2024-06-12,414.0,418.0,413.0,413.0
2024-06-13,414.0,415.0,411.0,411.0
2024-06-14,416.0,417.0,413.0,415.0
2024-06-17,414.0,416.0,412.0,416.0
2024-06-18,415.0,417.0,415.0,415.0
2024-06-19,415.0,420.0,415.0,417.0
2024-06-20,416.0,421.0,416.0,419.0
2024-06-21,421.0,423.0,420.0,420.0
2024-06-24,420.0,422.0,419.0,420.0
2024-06-25,420.0,426.0,420.0,424.0
2024-06-26,425.0,429.0,424.0,424.0
2024-06-27,424.0,428.0,424.0,426.0
2024-06-28,426.0,429.0,426.0,427.0
2024-07-01,427.0,427.0,424.0,426.0
2024-07-02,429.0,429.0,424.0,429.0
2024-07-03,426.0,428.0,426.0,426.0
2024-07-04,426.0,428.0,425.0,427.0
2024-07-05,426.0,427.0,424.0,424.0
2024-07-08,424.0,425.0,421.0,421.0
2024-07-09,421.0,423.0,420.0,420.0
2024-07-10,420.0,422.0,418.0,420.0
2024-07-11,420.0,427.0,419.0,427.0
2024-07-12,425.0,432.0,425.0,430.0
2024-07-16,431.0,431.0,428.0,428.0
2024-07-17,428.0,432.0,428.0,429.0
2024-07-18,427.0,434.0,427.0,433.0
2024-07-19,432.0,433.0,428.0,428.0
2024-07-22,428.0,432.0,428.0,430.0
2024-07-23,432.0,434.0,431.0,432.0
2024-07-24,433.0,434.0,429.0,429.0
2024-07-25,429.0,433.0,428.0,429.0
2024-07-26,428.0,431.0,428.0,429.0
2024-07-29,430.0,437.0,430.0,437.0
2024-07-30,435.0,436.0,421.0,421.0
2024-07-31,426.0,433.0,426.0,431.0
2024-08-01,436.0,436.0,420.0,423.0
2024-08-02,420.0,426.0,406.0,406.0
2024-08-05,398.0,398.0,351.0,376.0
2024-08-06,376.0,394.0,370.0,375.0
2024-08-07,373.0,387.0,361.0,374.0
2024-08-08,374.0,383.0,370.0,370.0
2024-08-09,377.0,381.0,370.0,374.0
2024-08-13,377.0,381.0,372.0,379.0
2024-08-14,381.0,385.0,380.0,382.0
2024-08-15,383.0,389.0,382.0,386.0
2024-08-16,390.0,402.0,390.0,399.0
2024-08-19,396.0,403.0,395.0,396.0
2024-08-20,397.0,403.0,397.0,400.0
2024-08-21,399.0,402.0,397.0,399.0
2024-08-22,399.0,403.0,399.0,401.0
2024-08-23,400.0,404.0,400.0,404.0
2024-08-26,401.0,417.0,401.0,413.0
2024-08-27,410.0,419.0,410.0,414.0
2024-08-28,414.0,414.0,411.0,412.0
2024-08-29,413.0,415.0,412.0,414.0
2024-08-30,413.0,416.0,412.0,414.0
2024-09-02,415.0,415.0,410.0,411.0
2024-09-03,410.0,419.0,410.0,418.0
2024-09-04,412.0,412.0,405.0,406.0
2024-09-05,406.0,410.0,403.0,408.0
2024-09-06,408.0,409.0,405.0,406.0
2024-09-09,404.0,408.0,401.0,405.0
2024-09-10,406.0,410.0,406.0,407.0
2024-09-11,405.0,408.0,399.0,400.0
2024-09-12,405.0,412.0,404.0,411.0
2024-09-13,411.0,412.0,407.0,410.0
2024-09-17,410.0,411.0,401.0,405.0
2024-09-18,405.0,411.0,404.0,411.0
2024-09-19,410.0,421.0,410.0,420.0
2024-09-20,419.0,425.0,418.0,420.0
2024-09-24,419.0,421.0,417.0,418.0
2024-09-25,416.0,421.0,414.0,420.0
2024-09-26,421.0,425.0,420.0,425.0
2024-09-27,420.0,423.0,418.0,422.0
2024-09-30,415.0,424.0,415.0,421.0
2024-10-01,421.0,427.0,420.0,424.0
2024-10-02,424.0,424.0,420.0,420.0
2024-10-03,422.0,426.0,421.0,424.0
2024-10-04,423.0,434.0,422.0,431.0
2024-10-07,431.0,433.0,430.0,431.0
2024-10-08,429.0,430.0,424.0,426.0
2024-10-09,426.0,428.0,422.0,423.0
2024-10-10,422.0,423.0,420.0,423.0
2024-10-11,421.0,424.0,420.0,420.0
2024-10-15,420.0,426.0,418.0,425.0
2024-10-16,426.0,430.0,423.0,425.0
2024-10-17,424.0,426.0,424.0,425.0
2024-10-18,423.0,426.0,423.0,424.0
2024-10-21,423.0,437.0,423.0,434.0
2024-10-22,433.0,433.0,424.0,424.0
2024-10-23,424.0,424.0,420.0,420.0
2024-10-24,419.0,421.0,416.0,420.0
2024-10-25,417.0,418.0,411.0,413.0
2024-10-28,412.0,419.0,412.0,416.0
2024-10-29,416.0,418.0,416.0,417.0
2024-10-30,416.0,419.0,411.0,411.0
2024-10-31,410.0,414.0,407.0,410.0
2024-11-01,409.0,417.0,409.0,415.0
2024-11-05,411.0,413.0,406.0,413.0
2024-11-06,413.0,426.0,413.0,421.0
2024-11-07,421.0,430.0,421.0,426.0
2024-11-08,424.0,424.0,420.0,423.0
2024-11-11,419.0,422.0,417.0,420.0
2024-11-12,421.0,423.0,420.0,422.0
2024-11-13,421.0,423.0,418.0,418.0
2024-11-14,418.0,422.0,418.0,422.0
2024-11-15,420.0,425.0,420.0,425.0
2024-11-18,423.0,427.0,423.0,426.0
2024-11-19,422.0,427.0,422.0,422.0
2024-11-20,421.0,424.0,420.0,421.0
2024-11-21,421.0,426.0,421.0,424.0
2024-11-22,423.0,427.0,423.0,426.0
2024-11-25,425.0,427.0,422.0,425.0
2024-11-26,425.0,427.0,424.0,426.0
2024-11-27,425.0,428.0,425.0,426.0
2024-11-28,426.0,427.0,424.0,425.0
2024-11-29,426.0,428.0,425.0,428.0
2024-12-02,427.0,429.0,427.0,428.0
2024-12-03,426.0,428.0,425.0,427.0
2024-12-04,427.0,428.0,425.0,427.0
2024-12-05,427.0,428.0,426.0,426.0
2024-12-06,426.0,428.0,426.0,426.0
2024-12-09,424.0,427.0,424.0,425.0
2024-12-10,425.0,427.0,425.0,426.0
2024-12-11,426.0,427.0,425.0,427.0
2024-12-12,426.0,427.0,425.0,425.0
2024-12-13,426.0,427.0,424.0,427.0
2024-12-16,425.0,426.0,423.0,425.0
2024-12-17,425.0,426.0,423.0,424.0
2024-12-18,424.0,425.0,422.0,424.0
2024-12-19,423.0,424.0,421.0,422.0
2024-12-20,421.0,423.0,421.0,421.0
2024-12-23,419.0,421.0,414.0,414.0
2024-12-24,411.0,413.0,408.0,409.0
2024-12-25,408.0,414.0,408.0,414.0
2024-12-26,410.0,420.0,407.0,411.0
2024-12-27,414.0,423.0,414.0,423.0
2024-12-30,421.0,426.0,421.0,426.0
2025-01-06,426.0,435.0,426.0,432.0
2025-01-07,435.0,441.0,432.0,439.0
2025-01-08,438.0,447.0,434.0,443.0
2025-01-09,442.0,443.0,436.0,436.0
2025-01-10,436.0,438.0,432.0,434.0
2025-01-14,432.0,435.0,431.0,431.0
2025-01-15,432.0,434.0,430.0,433.0
2025-01-16,433.0,433.0,430.0,433.0
2025-01-17,432.0,432.0,428.0,429.0
2025-01-20,430.0,433.0,430.0,432.0
2025-01-21,432.0,437.0,431.0,434.0
2025-01-22,434.0,440.0,434.0,439.0
2025-01-23,439.0,439.0,433.0,435.0
2025-01-24,435.0,439.0,434.0,439.0
2025-01-27,440.0,446.0,439.0,445.0
2025-01-28,445.0,446.0,444.0,445.0
2025-01-29,443.0,446.0,443.0,444.0
2025-01-30,444.0,445.0,421.0,421.0
2025-01-31,429.0,442.0,429.0,441.0
2025-02-03,440.0,440.0,436.0,439.0
2025-02-04,438.0,439.0,435.0,436.0
2025-02-05,437.0,439.0,437.0,438.0
2025-02-06,437.0,441.0,437.0,439.0
2025-02-07,438.0,453.0,438.0,446.0
2025-02-10,452.0,460.0,450.0,456.0
2025-02-12,460.0,460.0,447.0,452.0
2025-02-13,457.0,459.0,455.0,459.0
2025-02-14,456.0,458.0,452.0,452.0
2025-02-17,459.0,459.0,454.0,455.0
2025-02-18,455.0,458.0,453.0,453.0
2025-02-19,457.0,458.0,455.0,455.0
2025-02-20,454.0,461.0,454.0,461.0
2025-02-21,461.0,461.0,449.0,452.0
2025-02-25,452.0,458.0,452.0,454.0
2025-02-26,452.0,457.0,449.0,453.0
2025-02-27,452.0,457.0,452.0,455.0
2025-02-28,455.0,459.0,452.0,453.0
2025-03-03,455.0,460.0,455.0,455.0
2025-03-04,455.0,458.0,453.0,454.0
2025-03-05,453.0,460.0,453.0,454.0
2025-03-06,453.0,459.0,453.0,456.0
2025-03-07,453.0,456.0,453.0,454.0
2025-03-10,456.0,457.0,454.0,455.0
2025-03-11,451.0,452.0,448.0,450.0
2025-03-12,448.0,452.0,448.0,451.0
2025-03-13,451.0,452.0,451.0,451.0
2025-03-14,451.0,455.0,450.0,450.0
2025-03-17,453.0,453.0,447.0,450.0
2025-03-18,453.0,459.0,453.0,455.0
2025-03-19,459.0,462.0,456.0,459.0
2025-03-21,462.0,469.0,462.0,469.0
2025-03-24,470.0,472.0,463.0,463.0
2025-03-25,467.0,468.0,464.0,464.0
2025-03-26,468.0,468.0,464.0,465.0
2025-03-27,465.0,467.0,463.0,464.0
2025-03-28,442.0,450.0,442.0,447.0
2025-03-31,446.0,453.0,440.0,443.0
2025-04-01,447.0,455.0,443.0,443.0
2025-04-02,442.0,443.0,441.0,441.0
2025-04-03,438.0,440.0,430.0,435.0
2025-04-04,427.0,427.0,401.0,411.0
2025-04-07,374.0,396.0,374.0,383.0
2025-04-08,395.0,413.0,395.0,407.0
2025-04-09,404.0,407.0,392.0,400.0
2025-04-10,419.0,420.0,412.0,419.0
2025-04-11,416.0,424.0,409.0,423.0
2025-04-14,425.0,425.0,421.0,422.0
2025-04-15,425.0,425.0,416.0,416.0
2025-04-16,417.0,419.0,414.0,415.0
2025-04-17,415.0,426.0,415.0,426.0
2025-04-18,426.0,429.0,425.0,426.0
2025-04-21,425.0,429.0,425.0,425.0
2025-04-22,422.0,426.0,422.0,425.0
2025-04-23,426.0,428.0,426.0,426.0
2025-04-24,429.0,431.0,425.0,431.0
2025-04-25,431.0,431.0,427.0,427.0
2025-04-28,431.0,433.0,429.0,429.0
2025-04-30,430.0,432.0,429.0,430.0
2025-05-01,431.0,442.0,416.0,426.0
2025-05-02,425.0,429.0,424.0,428.0
2025-05-07,430.0,451.0,420.0,436.0
2025-05-08,441.0,441.0,430.0,434.0
2025-05-09,430.0,434.0,428.0,429.0
2025-05-12,429.0,432.0,426.0,430.0
2025-05-13,428.0,429.0,426.0,429.0
2025-05-14,430.0,430.0,426.0,426.0
2025-05-15,426.0,427.0,424.0,427.0
2025-05-16,426.0,427.0,424.0,424.0
2025-05-19,423.0,424.0,422.0,423.0
2025-05-20,423.0,424.0,422.0,422.0
2025-05-21,423.0,424.0,423.0,423.0
2025-05-22,422.0,424.0,422.0,424.0
2025-05-23,423.0,423.0,422.0,423.0
2025-05-26,422.0,425.0,422.0,424.0
2025-05-27,423.0,426.0,423.0,425.0
2025-05-28,426.0,426.0,424.0,424.0
2025-05-29,424.0,426.0,424.0,424.0
2025-05-30,423.0,425.0,423.0,425.0
2025-06-02,426.0,426.0,420.0,421.0
2025-06-03,421.0,423.0,420.0,422.0
2025-06-04,421.0,424.0,420.0,424.0
2025-06-05,424.0,424.0,423.0,423.0
2025-06-06,423.0,424.0,421.0,421.0
2025-06-09,420.0,422.0,419.0,422.0
2025-06-10,422.0,424.0,420.0,423.0
2025-06-11,423.0,423.0,421.0,422.0
2025-06-12,421.0,423.0,421.0,421.0
2025-06-13,421.0,421.0,419.0,420.0
2025-06-16,419.0,421.0,419.0,421.0
2025-06-17,421.0,421.0,420.0,421.0
2025-06-18,421.0,421.0,420.0,420.0
2025-06-19,420.0,422.0,420.0,422.0
2025-06-20,422.0,422.0,420.0,421.0
2025-06-23,420.0,421.0,418.0,418.0
2025-06-24,420.0,421.0,419.0,419.0
2025-06-25,419.0,421.0,418.0,418.0
2025-06-26,418.0,421.0,418.0,419.0
2025-06-27,419.0,420.0,419.0,419.0
2025-06-30,419.0,421.0,419.0,419.0
2025-07-01,418.0,420.0,418.0,418.0
2025-07-02,419.0,423.0,419.0,419.0
2025-07-03,420.0,422.0,419.0,419.0
2025-07-04,419.0,420.0,419.0,419.0
2025-07-07,419.0,419.0,418.0,418.0
2025-07-08,418.0,419.0,418.0,418.0
2025-07-09,419.0,421.0,418.0,419.0
2025-07-10,419.0,420.0,419.0,419.0
2025-07-11,421.0,424.0,420.0,421.0
2025-07-14,421.0,423.0,421.0,421.0
2025-07-15,421.0,426.0,421.0,425.0
2025-07-16,425.0,426.0,424.0,424.0
2025-07-17,424.0,424.0,423.0,423.0
2025-07-18,423.0,423.0,422.0,422.0
2025-07-22,421.0,423.0,420.0,420.0
2025-07-23,423.0,423.0,421.0,423.0
2025-07-24,423.0,426.0,423.0,423.0
2025-07-25,423.0,426.0,423.0,424.0
2025-07-28,425.0,428.0,424.0,428.0
2025-07-29,429.0,430.0,428.0,429.0
2025-07-30,429.0,435.0,427.0,429.0
2025-07-31,429.0,431.0,427.0,431.0
2025-08-01,431.0,431.0,428.0,428.0
2025-08-04,427.0,429.0,426.0,429.0
2025-08-05,428.0,430.0,428.0,428.0
2025-08-06,430.0,431.0,428.0,431.0
2025-08-07,431.0,438.0,431.0,434.0
2025-08-08,433.0,447.0,429.0,444.0
2025-08-12,447.0,447.0,438.0,439.0
2025-08-13,439.0,440.0,437.0,438.0
2025-08-14,438.0,439.0,435.0,437.0
2025-08-15,436.0,446.0,436.0,442.0
2025-08-18,442.0,447.0,440.0,445.0
2025-08-19,445.0,447.0,443.0,445.0
2025-08-20,445.0,450.0,445.0,448.0
2025-08-21,449.0,450.0,448.0,450.0
2025-08-22,450.0,452.0,447.0,452.0
2025-08-25,453.0,453.0,451.0,453.0
2025-08-26,453.0,453.0,449.0,450.0
2025-08-27,450.0,453.0,446.0,453.0
2025-08-28,451.0,453.0,447.0,448.0
2025-08-29,449.0,450.0,448.0,448.0
2025-09-01,449.0,449.0,441.0,444.0
2025-09-02,442.0,447.0,442.0,444.0
2025-09-03,447.0,448.0,441.0,444.0
2025-09-04,442.0,446.0,442.0,446.0
2025-09-05,442.0,447.0,442.0,447.0
2025-09-08,447.0,450.0,445.0,450.0
2025-09-09,449.0,450.0,447.0,447.0
2025-09-10,449.0,450.0,448.0,450.0
2025-09-11,450.0,451.0,448.0,451.0
2025-09-12,448.0,451.0,448.0,450.0
2025-09-16,449.0,452.0,449.0,450.0
2025-09-17,449.0,451.0,448.0,448.0
2025-09-18,449.0,450.0,448.0,449.0
2025-09-19,452.0,452.0,447.0,449.0
2025-09-22,448.0,452.0,448.0,450.0
2025-09-24,448.0,451.0,448.0,451.0
2025-09-25,449.0,450.0,447.0,448.0
2025-09-26,448.0,450.0,447.0,448.0
2025-09-29,447.0,447.0,445.0,446.0
2025-09-30,447.0,448.0,441.0,443.0
2025-10-01,443.0,445.0,443.0,443.0
2025-10-02,443.0,444.0,443.0,443.0
2025-10-03,443.0,444.0,442.0,443.0
2025-10-06,443.0,444.0,442.0,443.0
2025-10-07,442.0,444.0,441.0,442.0
2025-10-08,442.0,444.0,441.0,442.0
2025-10-09,443.0,443.0,442.0,442.0
2025-10-10,442.0,442.0,439.0,442.0
2025-10-14,439.0,440.0,434.0,439.0
2025-10-15,439.0,442.0,439.0,440.0
2025-10-16,441.0,442.0,440.0,440.0
2025-10-17,438.0,440.0,438.0,438.0
2025-10-20,440.0,441.0,438.0,441.0
2025-10-21,441.0,441.0,439.0,439.0
2025-10-22,440.0,441.0,438.0,439.0
2025-10-23,441.0,441.0,439.0,440.0
2025-10-24,440.0,441.0,438.0,441.0
2025-10-27,441.0,443.0,438.0,440.0
2025-10-28,439.0,440.0,438.0,440.0
2025-10-29,440.0,441.0,438.0,438.0
2025-10-30,440.0,443.0,439.0,442.0
2025-10-31,443.0,443.0,439.0,439.0
2025-11-04,441.0,448.0,440.0,448.0
2025-11-05,446.0,446.0,440.0,446.0
2025-11-06,443.0,448.0,443.0,448.0
2025-11-07,449.0,474.0,448.0,470.0
2025-11-10,470.0,485.0,468.0,477.0
2025-11-11,480.0,481.0,472.0,472.0
2025-11-12,471.0,477.0,471.0,473.0
2025-11-13,475.0,475.0,470.0,470.0
2025-11-14,470.0,472.0,460.0,469.0
2025-11-17,469.0,471.0,468.0,468.0
2025-11-18,469.0,472.0,463.0,466.0
2025-11-19,466.0,466.0,460.0,461.0
2025-11-20,464.0,467.0,460.0,466.0
2025-11-21,466.0,469.0,466.0,468.0
2025-11-25,474.0,478.0,470.0,478.0
2025-11-26,479.0,485.0,475.0,484.0
2025-11-27,481.0,487.0,480.0,486.0
2025-11-28,487.0,490.0,485.0,488.0
2025-12-01,490.0,498.0,490.0,496.0
2025-12-02,498.0,500.0,497.0,499.0
2025-12-03,499.0,499.0,489.0,494.0
2025-12-04,494.0,496.0,492.0,492.0
2025-12-05,495.0,497.0,492.0,494.0
2025-12-08,491.0,500.0,491.0,500.0
2025-12-09,500.0,501.0,498.0,499.0
2025-12-10,499.0,500.0,495.0,498.0
2025-12-11,498.0,500.0,491.0,493.0
2025-12-12,492.0,498.0,492.0,496.0
2025-12-15,495.0,500.0,494.0,500.0
2025-12-16,500.0,500.0,495.0,496.0
2025-12-17,495.0,497.0,493.0,494.0
2025-12-18,495.0,497.0,493.0,496.0
2025-12-19,498.0,500.0,496.0,497.0
2025-12-22,510.0,518.0,503.0,518.0
2025-12-23,511.0,516.0,505.0,507.0
2025-12-24,510.0,511.0,507.0,511.0
2025-12-25,511.0,513.0,509.0,511.0
2025-12-26,509.0,513.0,508.0,509.0
2025-12-29,507.0,509.0,505.0,509.0
2025-12-30,509.0,513.0,507.0,507.0
2026-01-05,507.0,507.0,505.0,507.0
2026-01-06,507.0,510.0,507.0,510.0
2026-01-07,510.0,511.0,507.0,509.0
2026-01-08,510.0,513.0,508.0,513.0
2026-01-09,511.0,513.0,509.0,513.0
2026-01-13,515.0,515.0,510.0,511.0
2026-01-14,513.0,515.0,510.0,515.0
2026-01-15,515.0,520.0,512.0,520.0
2026-01-16,520.0,522.0,514.0,520.0
2026-01-19,520.0,522.0,514.0,517.0
2026-01-20,516.0,529.0,515.0,529.0
2026-01-21,522.0,525.0,518.0,522.0
2026-01-22,522.0,526.0,522.0,522.0
2026-01-23,522.0,527.0,522.0,524.0
2026-01-26,516.0,520.0,515.0,516.0
2026-01-27,516.0,519.0,516.0,518.0
2026-01-28,518.0,518.0,509.0,514.0
2026-01-29,514.0,517.0,510.0,517.0
2026-01-30,512.0,524.0,512.0,523.0
2026-02-02,527.0,535.0,525.0,531.0
2026-02-03,532.0,544.0,525.0,532.0
2026-02-04,535.0,535.0,530.0,532.0
2026-02-05,535.0,539.0,534.0,539.0
2026-02-06,535.0,629.0,525.0,624.0
2026-02-09,635.0,652.0,625.0,640.0
2026-02-10,640.0,645.0,633.0,643.0
2026-02-12,650.0,670.0,650.0,667.0
2026-02-13,659.0,659.0,638.0,654.0
2026-02-16,666.0,690.0,659.0,681.0
2026-02-17,691.0,716.0,686.0,715.0
2026-02-18,711.0,711.0,699.0,702.0
2026-02-19,711.0,729.0,711.0,729.0
2026-02-20,729.0,729.0,704.0,708.0
2026-02-24,708.0,712.0,694.0,706.0
2026-02-25,706.0,709.0,700.0,703.0
2026-02-26,702.0,707.0,700.0,704.0
2026-02-27,704.0,738.0,704.0,724.0
2026-03-02,709.0,715.0,691.0,707.0
2026-03-03,709.0,709.0,689.0,691.0
2026-03-04,674.0,686.0,651.0,668.0
2026-03-05,682.0,695.0,676.0,693.0
2026-03-06,684.0,693.0,680.0,693.0
2026-03-09,663.0,683.0,656.0,683.0
2026-03-10,693.0,700.0,681.0,689.0
2026-03-11,694.0,710.0,693.0,702.0
2026-03-12,700.0,700.0,678.0,680.0
2026-03-13,671.0,676.0,668.0,673.0
2026-03-16,667.0,677.0,660.0,670.0
2026-03-17,676.0,689.0,670.0,670.0
2026-03-18,673.0,681.0,673.0,680.0
2026-03-19,675.0,675.0,652.0,654.0
2026-03-23,642.0,650.0,631.0,637.0
2026-03-24,654.0,657.0,638.0,642.0
2026-03-25,652.0,659.0,648.0,656.0
2026-03-26,659.0,660.0,644.0,650.0
2026-03-27,651.0,656.0,646.0,656.0
2026-03-30,607.0,623.0,607.0,617.0
2026-03-31,614.0,622.0,607.0,615.0
2026-04-01,630.0,636.0,625.0,636.0
2026-04-02,640.0,644.0,627.0,639.0
2026-04-03,639.0,658.0,639.0,653.0
2026-04-06,649.0,653.0,645.0,649.0
2026-04-07,650.0,657.0,646.0,652.0
2026-04-08,662.0,670.0,658.0,665.0
2026-04-09,665.0,666.0,653.0,654.0
2026-04-10,654.0,659.0,650.0,650.0
2026-04-13,643.0,651.0,641.0,642.0
2026-04-14,644.0,650.0,643.0,649.0
2026-04-15,654.0,661.0,651.0,658.0
2026-04-16,658.0,664.0,653.0,655.0
2026-04-17,656.0,658.0,650.0,656.0
2026-04-20,656.0,661.0,656.0,660.0
2026-04-21,660.0,672.0,660.0,667.0
2026-04-22,660.0,668.0,654.0,657.0
2026-04-23,655.0,658.0,643.0,647.0
2026-04-24,648.0,652.0,643.0,649.0
2026-04-27,649.0,650.0,644.0,646.0
2026-04-28,646.0,653.0,645.0,651.0
2026-04-30,648.0,650.0,643.0,649.0
2026-05-01,653.0,673.0,643.0,659.0
2026-05-07,669.0,671.0,648.0,661.0
2026-05-08,659.0,675.0,655.0,673.0
2026-05-11,690.0,708.0,581.0,595.0
2026-05-12,602.0,633.0,602.0,613.0
2026-05-13,611.0,627.0,602.0,614.0
2026-05-14,610.0,613.0,608.0,610.0
2026-05-15,613.0,619.0,607.0,613.0
2026-05-18,615.0,615.0,592.0,600.0
2026-05-19,600.0,610.0,600.0,603.0
2026-05-20,603.0,603.0,591.0,596.0
2026-05-21,598.0,610.0,598.0,603.0
2026-05-22,608.0,609.0,604.0,609.0
2026-05-25,609.0,610.0,597.0,598.0
2026-05-26,597.0,604.0,592.0,601.0
2026-05-27,603.0,603.0,595.0,596.0
2026-05-28,595.0,599.0,590.0,598.0
2026-05-29,598.0,603.0,597.0,598.0
2026-06-01,595.0,595.0,572.0,572.0
2026-06-02,571.0,580.0,566.0,578.0
2026-06-03,579.0,585.0,574.0,578.0
2026-06-04,576.0,580.0,574.0,577.0
2026-06-05,579.0,591.0,579.0,587.0
2026-06-08,577.0,584.0,573.0,575.0
2026-06-09,584.0,584.0,574.0,576.0
2026-06-10,579.0,584.0,578.0,580.0
2026-06-11,573.0,575.0,568.0,573.0
2026-06-12,570.0,576.0,558.0,567.0
2026-06-15,567.0,582.0,567.0,575.0
2026-06-16,570.0,571.0,565.0,565.0
2026-06-17,563.0,579.0,563.0,570.0
2026-06-18,570.0,571.0,562.0,565.0
2026-06-19,569.0,570.0,557.0,558.0
2026-06-22,556.0,565.0,556.0,557.0
2026-06-23,561.0,561.0,554.0,556.0
2026-06-24,551.0,560.0,551.0,554.0
2026-06-25,563.0,563.0,551.0,554.0
2026-06-26,554.0,557.0,545.0,550.0
2026-06-29,542.0,555.0,542.0,552.0
2026-06-30,552.0,558.0,551.0,556.0
2026-07-01,557.0,557.0,550.0,552.0
2026-07-02,554.0,569.0,554.0,564.0
2026-07-03,564.0,582.0,563.0,580.0
2026-07-06,580.0,593.0,580.0,586.0
2026-07-07,589.0,591.0,586.0,586.0
2026-07-08,586.0,594.0,581.0,581.0
2026-07-09,581.0,589.0,581.0,589.0
2026-07-10,591.0,602.0,587.0,588.0
2026-07-13,590.0,598.0,586.0,591.0
2026-07-14,595.0,596.0,586.0,592.0
2026-07-15,595.0,595.0,587.0,592.0
2026-07-16,591.0,597.0,590.0,592.0
2026-07-17,591.0,594.0,579.0,583.0
2026-07-21,583.0,600.0,583.0,595.0
2026-07-22,593.0,601.0,591.0,598.0
2026-07-23,598.0,601.0,596.0,597.0
2026-07-24,596.0,596.0,590.0,591.0
2026-07-27,595.0,604.0,592.0,603.0
2026-07-28,603.0,603.0,595.0,597.0
2026-07-29,595.0,604.0,595.0,603.0
2026-07-30,601.0,603.0,598.0,603.0
2026-07-31,603.0,609.0,599.0,601.0
2026-08-03,600.0,602.0,592.0,597.0
2026-08-04,600.0,604.0,595.0,599.0
2026-08-05,602.0,603.0,600.0,600.0
2026-08-06,600.0,608.0,599.0,608.0
2026-08-07,608.0,644.0,596.0,635.0
2026-08-10,640.0,642.0,620.0,630.0
2026-08-12,630.0,637.0,626.0,634.0
2026-08-13,635.0,637.0,624.0,631.0
2026-08-14,633.0,636.0,629.0,635.0
2026-08-17,634.0,639.0,634.0,635.0
2026-08-18,635.0,635.0,628.0,630.0
2026-08-19,630.0,631.0,624.0,624.0
2026-08-20,623.0,629.0,622.0,629.0
2026-08-21,625.0,635.0,625.0,630.0
2026-08-24,632.0,632.0,628.0,630.0
2026-08-25,630.0,630.0,624.0,626.0
2026-08-26,627.0,635.0,627.0,629.0
2026-08-27,633.0,633.0,628.0,629.0
2026-08-28,631.0,634.0,629.0,630.0
2026-08-31,625.0,632.0,625.0,629.0
2026-09-01,629.0,636.0,629.0,636.0
2026-09-02,632.0,634.0,626.0,628.0
2026-09-03,644.0,726.0,639.0,657.0
2026-09-04,666.0,689.0,666.0,683.0
2026-09-07,692.0,698.0,676.0,676.0
2026-09-08,676.0,683.0,670.0,679.0
2026-09-09,675.0,695.0,674.0,689.0
